1592,9,9,Nut Allergy,7,1
1601,1,1,Vegetarian,1,1
1639,1,1,Vegetarian,1,1
1639,2,2,Halal,3,1
1652,2,2,Halal,3,1
1654,9,9,Nut Allergy,7,1
1672,9,9,Nut Allergy,7,1
1673,4,4,Diabetic,4,1
1675,1,1,Vegetarian,1,1
1675,2,2,Halal,3,1
1675,3,3,Can eat Fish,8,1
1687,4,4,Diabetic,4,1
1701,6,6,Other Dietary Requirement,10,1
1703,4,4,Diabetic,4,1
1723,6,6,Other Dietary Requirement,10,1
1723,9,9,Nut Allergy,7,1
1742,2,2,Halal,3,1
1746,4,4,Diabetic,4,1
1750,2,2,Halal,3,1
1750,3,3,Can eat Fish,8,1
1755,2,2,Halal,3,1
1755,3,3,Can eat Fish,8,1
1767,8,8,No Pork,9,1
1768,1,1,Vegetarian,1,1
1773,8,8,No Pork,9,1
1783,9,9,Nut Allergy,7,1
1788,6,6,Other Dietary Requirement,10,1
1795,1,1,Vegetarian,1,1
1795,2,2,Halal,3,1
1795,3,3,Can eat Fish,8,1
1831,8,8,No Pork,9,1
1834,5,5,Gluten Intolerant/coeliac,5,1
1834,9,9,Nut Allergy,7,1
1844,8,8,No Pork,9,1
1854,9,9,Nut Allergy,7,1
1859,4,4,Diabetic,4,1
1863,8,8,No Pork,9,1
1866,8,8,No Pork,9,1
1870,2,2,Halal,3,1
1870,3,3,Can eat Fish,8,1
1871,2,2,Halal,3,1
1871,3,3,Can eat Fish,8,1
1882,1,1,Vegetarian,1,1
1884,2,2,Halal,3,1
1884,3,3,Can eat Fish,8,1
1928,8,8,No Pork,9,1
1938,4,4,Diabetic,4,1
1941,8,8,No Pork,9,1
1959,1,1,Vegetarian,1,1
1966,1,1,Vegetarian,1,1
1978,2,2,Halal,3,1
1978,3,3,Can eat Fish,8,1
1980,1,1,Vegetarian,1,1
1980,2,2,Halal,3,1
1980,3,3,Can eat Fish,8,1
1985,1,1,Vegetarian,1,1
1985,2,2,Halal,3,1
1985,3,3,Can eat Fish,8,1
1989,1,1,Vegetarian,1,1
1995,8,8,No Pork,9,1
1998,5,5,Gluten Intolerant/coeliac,5,1
1998,6,6,Other Dietary Requirement,10,1
2004,1,1,Vegetarian,1,1
2004,2,2,Halal,3,1
2004,3,3,Can eat Fish,8,1
2013,5,5,Gluten Intolerant/coeliac,5,1
2013,9,9,Nut Allergy,7,1
2014,9,9,Nut Allergy,7,1
2017,6,6,Other Dietary Requirement,10,1
2021,1,1,Vegetarian,1,1
2021,2,2,Halal,3,1
2021,3,3,Can eat Fish,8,1
2034,4,4,Diabetic,4,1
2036,8,8,No Pork,9,1
2037,2,2,Halal,3,1
2059,8,8,No Pork,9,1
2060,4,4,Diabetic,4,1
2063,4,4,Diabetic,4,1
2075,2,2,Halal,3,1
2075,3,3,Can eat Fish,8,1
2090,8,8,No Pork,9,1
2093,4,4,Diabetic,4,1
2101,1,1,Vegetarian,1,1
2103,4,4,Diabetic,4,1
2110,2,2,Halal,3,1
2110,3,3,Can eat Fish,8,1
2134,1,1,Vegetarian,1,1
2138,1,1,Vegetarian,1,1
2138,2,2,Halal,3,1
2155,2,2,Halal,3,1
2155,3,3,Can eat Fish,8,1
2156,3,3,Can eat Fish,8,1
2178,4,4,Diabetic,4,1
2180,8,8,No Pork,9,1
2183,8,8,No Pork,9,1
2235,8,8,No Pork,9,1
2238,9,9,Nut Allergy,7,1
2247,4,4,Diabetic,4,1
2248,2,2,Halal,3,1
2248,3,3,Can eat Fish,8,1
2257,1,1,Vegetarian,1,1
2275,6,6,Other Dietary Requirement,10,1
2275,8,8,No Pork,9,1
2292,2,2,Halal,3,1
2294,2,2,Halal,3,1
2305,3,3,Can eat Fish,8,1
2305,8,8,No Pork,9,1
2306,4,4,Diabetic,4,1
2310,8,8,No Pork,9,1
2315,4,4,Diabetic,4,1
2316,4,4,Diabetic,4,1
2319,1,1,Vegetarian,1,1
2328,2,2,Halal,3,1
2328,3,3,Can eat Fish,8,1
2329,9,9,Nut Allergy,7,1
2333,4,4,Diabetic,4,1
2338,1,1,Vegetarian,1,1
2343,9,9,Nut Allergy,7,1
2349,2,2,Halal,3,1
2349,3,3,Can eat Fish,8,1
2351,2,2,Halal,3,1
2351,3,3,Can eat Fish,8,1
2359,4,4,Diabetic,4,1
2361,2,2,Halal,3,1
2361,3,3,Can eat Fish,8,1
2369,8,8,No Pork,9,1
2370,8,8,No Pork,9,1
2371,8,8,No Pork,9,1
2372,2,2,Halal,3,1
2372,3,3,Can eat Fish,8,1
2374,2,2,Halal,3,1
2379,6,6,Other Dietary Requirement,10,1
2379,8,8,No Pork,9,1
2413,2,2,Halal,3,1
2413,3,3,Can eat Fish,8,1
2451,4,4,Diabetic,4,1
2452,2,2,Halal,3,1
2452,3,3,Can eat Fish,8,1
2457,1,1,Vegetarian,1,1
2457,2,2,Halal,3,1
2457,3,3,Can eat Fish,8,1
2462,4,4,Diabetic,4,1
2468,1,1,Vegetarian,1,1
2468,2,2,Halal,3,1
2478,8,8,No Pork,9,1
2483,1,1,Vegetarian,1,1
2493,2,2,Halal,3,1
2493,3,3,Can eat Fish,8,1
2494,1,1,Vegetarian,1,1
2499,2,2,Halal,3,1
2499,3,3,Can eat Fish,8,1
2499,8,8,No Pork,9,1
2505,1,1,Vegetarian,1,1
2505,2,2,Halal,3,1
2505,3,3,Can eat Fish,8,1
2508,2,2,Halal,3,1
2508,3,3,Can eat Fish,8,1
2516,2,2,Halal,3,1
2516,3,3,Can eat Fish,8,1
2532,8,8,No Pork,9,1
2542,1,1,Vegetarian,1,1
2542,8,8,No Pork,9,1
2547,8,8,No Pork,9,1
2580,6,6,Other Dietary Requirement,10,1
2580,9,9,Nut Allergy,7,1
2586,2,2,Halal,3,1
2586,3,3,Can eat Fish,8,1
2592,1,1,Vegetarian,1,1
2592,9,9,Nut Allergy,7,1
2594,4,4,Diabetic,4,1
2597,1,1,Vegetarian,1,1
2597,2,2,Halal,3,1
2599,2,2,Halal,3,1
2599,3,3,Can eat Fish,8,1
2600,3,3,Can eat Fish,8,1
2611,2,2,Halal,3,1
2611,3,3,Can eat Fish,8,1
2615,2,2,Halal,3,1
2615,3,3,Can eat Fish,8,1
2632,8,8,No Pork,9,1
2635,4,4,Diabetic,4,1
2636,2,2,Halal,3,1
2636,3,3,Can eat Fish,8,1
2641,2,2,Halal,3,1
2641,3,3,Can eat Fish,8,1
2648,2,2,Halal,3,1
2648,3,3,Can eat Fish,8,1
2649,4,4,Diabetic,4,1
2654,9,9,Nut Allergy,7,1
2663,1,1,Vegetarian,1,1
2663,2,2,Halal,3,1
2663,3,3,Can eat Fish,8,1
2664,2,2,Halal,3,1
2668,2,2,Halal,3,1
2668,3,3,Can eat Fish,8,1
2678,8,8,No Pork,9,1
2693,9,9,Nut Allergy,7,1
2696,1,1,Vegetarian,1,1
2696,2,2,Halal,3,1
2696,3,3,Can eat Fish,8,1
2704,8,8,No Pork,9,1
2710,2,2,Halal,3,1
2710,3,3,Can eat Fish,8,1
2718,2,2,Halal,3,1
2725,2,2,Halal,3,1
2725,3,3,Can eat Fish,8,1
2731,4,4,Diabetic,4,1
2734,8,8,No Pork,9,1
2739,8,8,No Pork,9,1
2745,8,8,No Pork,9,1
2746,4,4,Diabetic,4,1
2755,2,2,Halal,3,1
2755,3,3,Can eat Fish,8,1
2795,8,8,No Pork,9,1
2797,2,2,Halal,3,1
2797,3,3,Can eat Fish,8,1
2800,2,2,Halal,3,1
2800,3,3,Can eat Fish,8,1
2817,2,2,Halal,3,1
2817,3,3,Can eat Fish,8,1
2821,2,2,Halal,3,1
2821,3,3,Can eat Fish,8,1
2824,2,2,Halal,3,1
2825,2,2,Halal,3,1
2844,2,2,Halal,3,1
2844,3,3,Can eat Fish,8,1
2853,1,1,Vegetarian,1,1
2858,8,8,No Pork,9,1
2861,9,9,Nut Allergy,7,1
2871,9,9,Nut Allergy,7,1
2880,1,1,Vegetarian,1,1
2880,2,2,Halal,3,1
2908,2,2,Halal,3,1
2908,3,3,Can eat Fish,8,1
2910,2,2,Halal,3,1
2910,3,3,Can eat Fish,8,1
2917,2,2,Halal,3,1
2917,3,3,Can eat Fish,8,1
2918,9,9,Nut Allergy,7,1
2932,4,4,Diabetic,4,1
2935,2,2,Halal,3,1
2935,3,3,Can eat Fish,8,1
2945,1,1,Vegetarian,1,1
2945,2,2,Halal,3,1
2945,3,3,Can eat Fish,8,1
2954,8,8,No Pork,9,1
2957,2,2,Halal,3,1
2957,3,3,Can eat Fish,8,1
2967,2,2,Halal,3,1
2967,3,3,Can eat Fish,8,1
2978,2,2,Halal,3,1
2978,3,3,Can eat Fish,8,1
3002,8,8,No Pork,9,1
3010,4,4,Diabetic,4,1
3025,2,2,Halal,3,1
3025,3,3,Can eat Fish,8,1
3029,9,9,Nut Allergy,7,1
3041,8,8,No Pork,9,1
3048,1,1,Vegetarian,1,1
3048,2,2,Halal,3,1
3050,8,8,No Pork,9,1
3057,9,9,Nut Allergy,7,1
3065,8,8,No Pork,9,1
3068,1,1,Vegetarian,1,1
3068,9,9,Nut Allergy,7,1
3074,2,2,Halal,3,1
3097,1,1,Vegetarian,1,1
3100,2,2,Halal,3,1
3100,3,3,Can eat Fish,8,1
3107,9,9,Nut Allergy,7,1
3126,8,8,No Pork,9,1
3152,1,1,Vegetarian,1,1
3152,2,2,Halal,3,1
3169,4,4,Diabetic,4,1
3174,2,2,Halal,3,1
3174,3,3,Can eat Fish,8,1
3176,8,8,No Pork,9,1
3189,10,10,Coeliac,6,0
3192,1,1,Vegetarian,1,1
3192,2,2,Halal,3,1
3192,3,3,Can eat Fish,8,1
3205,2,2,Halal,3,1
3205,3,3,Can eat Fish,8,1
3206,2,2,Halal,3,1
3206,3,3,Can eat Fish,8,1
3233,4,4,Diabetic,4,1
3245,4,4,Diabetic,4,1
3252,1,1,Vegetarian,1,1
3252,2,2,Halal,3,1
3261,2,2,Halal,3,1
3261,3,3,Can eat Fish,8,1
3281,8,8,No Pork,9,1
3285,9,9,Nut Allergy,7,1
3298,1,1,Vegetarian,1,1
3298,9,9,Nut Allergy,7,1
3299,9,9,Nut Allergy,7,1
3301,8,8,No Pork,9,1
3307,4,4,Diabetic,4,1
3313,1,1,Vegetarian,1,1
3313,8,8,No Pork,9,1
3335,2,2,Halal,3,1
3335,3,3,Can eat Fish,8,1
3338,8,8,No Pork,9,1
3341,9,9,Nut Allergy,7,1
3383,8,8,No Pork,9,1
3388,2,2,Halal,3,1
3388,3,3,Can eat Fish,8,1
3394,8,8,No Pork,9,1
3400,2,2,Halal,3,1
3400,3,3,Can eat Fish,8,1
3401,2,2,Halal,3,1
3401,3,3,Can eat Fish,8,1
3407,2,2,Halal,3,1
3407,3,3,Can eat Fish,8,1
3410,2,2,Halal,3,1
3410,3,3,Can eat Fish,8,1
3413,1,1,Vegetarian,1,1
3413,2,2,Halal,3,1
3440,9,9,Nut Allergy,7,1
3442,1,1,Vegetarian,1,1
3445,2,2,Halal,3,1
3450,8,8,No Pork,9,1
3453,9,9,Nut Allergy,7,1
3465,2,2,Halal,3,1
3465,3,3,Can eat Fish,8,1
3467,2,2,Halal,3,1
3470,2,2,Halal,3,1
3471,8,8,No Pork,9,1
3480,1,1,Vegetarian,1,1
3488,1,1,Vegetarian,1,1
3488,2,2,Halal,3,1
3496,2,2,Halal,3,1
3496,3,3,Can eat Fish,8,1
3500,8,8,No Pork,9,1
3501,6,6,Other Dietary Requirement,10,1
3501,8,8,No Pork,9,1
3506,3,3,Can eat Fish,8,1
3506,7,7,Vegan,2,1
3512,4,4,Diabetic,4,1
3531,9,9,Nut Allergy,7,1
3538,2,2,Halal,3,1
3538,3,3,Can eat Fish,8,1
3550,4,4,Diabetic,4,1
3551,2,2,Halal,3,1
3560,8,8,No Pork,9,1
3562,2,2,Halal,3,1
3562,3,3,Can eat Fish,8,1
3588,9,9,Nut Allergy,7,1
3589,1,1,Vegetarian,1,1
3598,2,2,Halal,3,1
3598,3,3,Can eat Fish,8,1
3602,2,2,Halal,3,1
3602,3,3,Can eat Fish,8,1
3605,2,2,Halal,3,1
3605,3,3,Can eat Fish,8,1
3612,8,8,No Pork,9,1
3617,2,2,Halal,3,1
3617,3,3,Can eat Fish,8,1
3634,8,8,No Pork,9,1
3639,2,2,Halal,3,1
3639,3,3,Can eat Fish,8,1
3639,8,8,No Pork,9,1
3640,2,2,Halal,3,1
3640,3,3,Can eat Fish,8,1
3643,9,9,Nut Allergy,7,1
3653,2,2,Halal,3,1
3667,2,2,Halal,3,1
3667,3,3,Can eat Fish,8,1
3675,2,2,Halal,3,1
3675,3,3,Can eat Fish,8,1
3675,8,8,No Pork,9,1
3680,2,2,Halal,3,1
3680,9,9,Nut Allergy,7,1
3687,8,8,No Pork,9,1
3690,2,2,Halal,3,1
3690,3,3,Can eat Fish,8,1
3695,2,2,Halal,3,1
3695,3,3,Can eat Fish,8,1
3696,2,2,Halal,3,1
3696,3,3,Can eat Fish,8,1
3713,8,8,No Pork,9,1
3723,4,4,Diabetic,4,1
3724,9,9,Nut Allergy,7,1
3730,1,1,Vegetarian,1,1
3730,4,4,Diabetic,4,1
3730,6,6,Other Dietary Requirement,10,1
3733,4,4,Diabetic,4,1
3754,1,1,Vegetarian,1,1
3756,4,4,Diabetic,4,1
3759,9,9,Nut Allergy,7,1
3760,1,1,Vegetarian,1,1
3766,6,6,Other Dietary Requirement,10,1
3782,8,8,No Pork,9,1
3783,2,2,Halal,3,1
3783,3,3,Can eat Fish,8,1
3786,1,1,Vegetarian,1,1
3797,2,2,Halal,3,1
3807,9,9,Nut Allergy,7,1
3820,2,2,Halal,3,1
3820,3,3,Can eat Fish,8,1
3822,1,1,Vegetarian,1,1
3822,2,2,Halal,3,1
3823,1,1,Vegetarian,1,1
3825,1,1,Vegetarian,1,1
3825,2,2,Halal,3,1
3826,4,4,Diabetic,4,1
3828,4,4,Diabetic,4,1
3833,1,1,Vegetarian,1,1
3847,2,2,Halal,3,1
3847,3,3,Can eat Fish,8,1
3875,4,4,Diabetic,4,1
3888,8,8,No Pork,9,1
3896,4,4,Diabetic,4,1
3911,2,2,Halal,3,1
3934,9,9,Nut Allergy,7,1
3945,9,9,Nut Allergy,7,1
3951,2,2,Halal,3,1
3951,3,3,Can eat Fish,8,1
3951,8,8,No Pork,9,1
3958,2,2,Halal,3,1
3958,3,3,Can eat Fish,8,1
3959,2,2,Halal,3,1
3959,3,3,Can eat Fish,8,1
3978,1,1,Vegetarian,1,1
3996,2,2,Halal,3,1
3998,6,6,Other Dietary Requirement,10,1
3998,8,8,No Pork,9,1
4003,2,2,Halal,3,1
4019,4,4,Diabetic,4,1
4030,1,1,Vegetarian,1,1
4036,6,6,Other Dietary Requirement,10,1
4044,2,2,Halal,3,1
4047,1,1,Vegetarian,1,1
4047,4,4,Diabetic,4,1
4047,6,6,Other Dietary Requirement,10,1
4051,2,2,Halal,3,1
4053,9,9,Nut Allergy,7,1
4055,9,9,Nut Allergy,7,1
4068,2,2,Halal,3,1
4069,9,9,Nut Allergy,7,1
4070,8,8,No Pork,9,1
4070,9,9,Nut Allergy,7,1
4074,4,4,Diabetic,4,1
4087,2,2,Halal,3,1
4098,4,4,Diabetic,4,1
4101,4,4,Diabetic,4,1
4102,2,2,Halal,3,1
4103,4,4,Diabetic,4,1
4109,8,8,No Pork,9,1
4137,2,2,Halal,3,1
4143,10,10,Coeliac,6,0
4157,8,8,No Pork,9,1
4157,9,9,Nut Allergy,7,1
4162,2,2,Halal,3,1
4162,3,3,Can eat Fish,8,1
4163,1,1,Vegetarian,1,1
4168,1,1,Vegetarian,1,1
4168,3,3,Can eat Fish,8,1
4185,4,4,Diabetic,4,1
4193,9,9,Nut Allergy,7,1
4194,8,8,No Pork,9,1
4207,8,8,No Pork,9,1
4210,8,8,No Pork,9,1
4210,9,9,Nut Allergy,7,1
4213,2,2,Halal,3,1
4213,3,3,Can eat Fish,8,1
4224,8,8,No Pork,9,1
4233,2,2,Halal,3,1
4273,4,4,Diabetic,4,1
4275,2,2,Halal,3,1
4276,9,9,Nut Allergy,7,1
4288,9,9,Nut Allergy,7,1
4296,4,4,Diabetic,4,1
4298,9,9,Nut Allergy,7,1
4299,2,2,Halal,3,1
4299,3,3,Can eat Fish,8,1
4299,8,8,No Pork,9,1
4304,2,2,Halal,3,1
4314,1,1,Vegetarian,1,1
4314,3,3,Can eat Fish,8,1
4317,8,8,No Pork,9,1
4328,8,8,No Pork,9,1
4330,8,8,No Pork,9,1
4331,8,8,No Pork,9,1
4332,1,1,Vegetarian,1,1
4338,2,2,Halal,3,1
4340,2,2,Halal,3,1
4349,4,4,Diabetic,4,1
4352,1,1,Vegetarian,1,1
4352,2,2,Halal,3,1
4358,2,2,Halal,3,1
4378,2,2,Halal,3,1
4380,8,8,No Pork,9,1
4380,9,9,Nut Allergy,7,1
4385,2,2,Halal,3,1
4385,3,3,Can eat Fish,8,1
4416,1,1,Vegetarian,1,1
4420,8,8,No Pork,9,1
4430,1,1,Vegetarian,1,1
4434,6,6,Other Dietary Requirement,10,1
4437,2,2,Halal,3,1
4461,4,4,Diabetic,4,1
4462,2,2,Halal,3,1
4462,3,3,Can eat Fish,8,1
4463,1,1,Vegetarian,1,1
4467,2,2,Halal,3,1
4468,2,2,Halal,3,1
4472,2,2,Halal,3,1
4473,1,1,Vegetarian,1,1
4475,9,9,Nut Allergy,7,1
4490,2,2,Halal,3,1
4490,3,3,Can eat Fish,8,1
4491,8,8,No Pork,9,1
4497,2,2,Halal,3,1
4504,2,2,Halal,3,1
4520,8,8,No Pork,9,1
4521,8,8,No Pork,9,1
4547,2,2,Halal,3,1
4547,3,3,Can eat Fish,8,1
4588,2,2,Halal,3,1
4595,2,2,Halal,3,1
4604,5,5,Gluten Intolerant/coeliac,5,1
4604,10,10,Coeliac,6,0
4607,2,2,Halal,3,1
4615,2,2,Halal,3,1
4617,1,1,Vegetarian,1,1
4620,2,2,Halal,3,1
4621,2,2,Halal,3,1
4625,8,8,No Pork,9,1
4626,8,8,No Pork,9,1
4627,8,8,No Pork,9,1
4631,1,1,Vegetarian,1,1
4649,2,2,Halal,3,1
4650,2,2,Halal,3,1
4650,3,3,Can eat Fish,8,1
4664,6,6,Other Dietary Requirement,10,1
4665,2,2,Halal,3,1
4672,9,9,Nut Allergy,7,1
4696,2,2,Halal,3,1
4707,9,9,Nut Allergy,7,1
4713,4,4,Diabetic,4,1
4716,2,2,Halal,3,1
4718,8,8,No Pork,9,1
4721,1,1,Vegetarian,1,1
4728,1,1,Vegetarian,1,1
4734,8,8,No Pork,9,1
4741,9,9,Nut Allergy,7,1
4745,8,8,No Pork,9,1
4757,4,4,Diabetic,4,1
4769,8,8,No Pork,9,1
4777,4,4,Diabetic,4,1
4780,9,9,Nut Allergy,7,1
4792,2,2,Halal,3,1
4799,8,8,No Pork,9,1
4818,1,1,Vegetarian,1,1
4824,8,8,No Pork,9,1
4829,8,8,No Pork,9,1
4831,8,8,No Pork,9,1
4841,2,2,Halal,3,1
4842,2,2,Halal,3,1
4854,1,1,Vegetarian,1,1
4856,8,8,No Pork,9,1
4865,2,2,Halal,3,1
4874,9,9,Nut Allergy,7,1
4881,2,2,Halal,3,1
4891,1,1,Vegetarian,1,1
4894,2,2,Halal,3,1
4897,2,2,Halal,3,1
4900,6,6,Other Dietary Requirement,10,1
4912,2,2,Halal,3,1
4913,9,9,Nut Allergy,7,1
4915,8,8,No Pork,9,1
4920,4,4,Diabetic,4,1
4921,2,2,Halal,3,1
4926,1,1,Vegetarian,1,1
4948,9,9,Nut Allergy,7,1
4952,2,2,Halal,3,1
4972,2,2,Halal,3,1
4988,2,2,Halal,3,1
4989,2,2,Halal,3,1
4997,2,2,Halal,3,1
4998,8,8,No Pork,9,1
5004,1,1,Vegetarian,1,1
5005,2,2,Halal,3,1
5006,2,2,Halal,3,1
5007,8,8,No Pork,9,1
5013,2,2,Halal,3,1
5013,3,3,Can eat Fish,8,1
5014,1,1,Vegetarian,1,1
5019,9,9,Nut Allergy,7,1
5041,1,1,Vegetarian,1,1
5041,4,4,Diabetic,4,1
5042,8,8,No Pork,9,1
5048,2,2,Halal,3,1
5048,3,3,Can eat Fish,8,1
5062,2,2,Halal,3,1
5063,4,4,Diabetic,4,1
5065,2,2,Halal,3,1
5066,4,4,Diabetic,4,1
5071,2,2,Halal,3,1
5072,4,4,Diabetic,4,1
5083,4,4,Diabetic,4,1
5084,2,2,Halal,3,1
5084,3,3,Can eat Fish,8,1
5086,2,2,Halal,3,1
5087,2,2,Halal,3,1
5087,3,3,Can eat Fish,8,1
5099,2,2,Halal,3,1
5106,9,9,Nut Allergy,7,1
5107,2,2,Halal,3,1
5109,2,2,Halal,3,1
5111,2,2,Halal,3,1
5112,9,9,Nut Allergy,7,1
5114,2,2,Halal,3,1
5123,1,1,Vegetarian,1,1
5128,2,2,Halal,3,1
5128,3,3,Can eat Fish,8,1
5140,8,8,No Pork,9,1
5151,1,1,Vegetarian,1,1
5158,2,2,Halal,3,1
5163,2,2,Halal,3,1
5166,9,9,Nut Allergy,7,1
5169,1,1,Vegetarian,1,1
5169,6,6,Other Dietary Requirement,10,1
5169,9,9,Nut Allergy,7,1
5176,2,2,Halal,3,1
5176,4,4,Diabetic,4,1
5176,8,8,No Pork,9,1
5179,2,2,Halal,3,1
5179,3,3,Can eat Fish,8,1
5182,2,2,Halal,3,1
5186,8,8,No Pork,9,1
5199,2,2,Halal,3,1
5199,3,3,Can eat Fish,8,1
5204,1,1,Vegetarian,1,1
5208,2,2,Halal,3,1
5212,1,1,Vegetarian,1,1
5213,1,1,Vegetarian,1,1
5217,2,2,Halal,3,1
5227,8,8,No Pork,9,1
5244,8,8,No Pork,9,1
5250,7,7,Vegan,2,1
5257,2,2,Halal,3,1
5259,2,2,Halal,3,1
5260,2,2,Halal,3,1
5264,4,4,Diabetic,4,1
5264,8,8,No Pork,9,1
5265,2,2,Halal,3,1
5271,1,1,Vegetarian,1,1
5279,2,2,Halal,3,1
5297,6,6,Other Dietary Requirement,10,1
5303,2,2,Halal,3,1
5306,9,9,Nut Allergy,7,1
5312,8,8,No Pork,9,1
5316,1,1,Vegetarian,1,1
5323,2,2,Halal,3,1
5325,1,1,Vegetarian,1,1
5330,1,1,Vegetarian,1,1
5332,9,9,Nut Allergy,7,1
5339,1,1,Vegetarian,1,1
5352,2,2,Halal,3,1
5352,3,3,Can eat Fish,8,1
5359,9,9,Nut Allergy,7,1
5369,2,2,Halal,3,1
5369,3,3,Can eat Fish,8,1
5373,2,2,Halal,3,1
5376,1,1,Vegetarian,1,1
5376,2,2,Halal,3,1
5382,2,2,Halal,3,1
5390,2,2,Halal,3,1
5392,2,2,Halal,3,1
5414,1,1,Vegetarian,1,1
5426,2,2,Halal,3,1
5426,3,3,Can eat Fish,8,1
5430,2,2,Halal,3,1
5439,6,6,Other Dietary Requirement,10,1
5440,1,1,Vegetarian,1,1
5440,6,6,Other Dietary Requirement,10,1
5440,9,9,Nut Allergy,7,1
5445,4,4,Diabetic,4,1
5450,2,2,Halal,3,1
5451,2,2,Halal,3,1
5453,2,2,Halal,3,1
5457,8,8,No Pork,9,1
5458,8,8,No Pork,9,1
5461,2,2,Halal,3,1
5463,1,1,Vegetarian,1,1
5467,2,2,Halal,3,1
5469,1,1,Vegetarian,1,1
5495,2,2,Halal,3,1
5501,9,9,Nut Allergy,7,1
5516,4,4,Diabetic,4,1
5517,2,2,Halal,3,1
5519,4,4,Diabetic,4,1
5522,2,2,Halal,3,1
5532,9,9,Nut Allergy,7,1
5546,9,9,Nut Allergy,7,1
5547,1,1,Vegetarian,1,1
5547,5,5,Gluten Intolerant/coeliac,5,1
5551,9,9,Nut Allergy,7,1
5554,2,2,Halal,3,1
5569,2,2,Halal,3,1
5585,2,2,Halal,3,1
5586,2,2,Halal,3,1
5588,2,2,Halal,3,1
5593,8,8,No Pork,9,1
5605,4,4,Diabetic,4,1
5607,2,2,Halal,3,1
5608,2,2,Halal,3,1
5612,1,1,Vegetarian,1,1
5613,2,2,Halal,3,1
5619,8,8,No Pork,9,1
5619,9,9,Nut Allergy,7,1
5620,2,2,Halal,3,1
5623,2,2,Halal,3,1
5623,8,8,No Pork,9,1
5624,4,4,Diabetic,4,1
5629,9,9,Nut Allergy,7,1
5636,2,2,Halal,3,1
5646,1,1,Vegetarian,1,1
5666,1,1,Vegetarian,1,1
5666,5,5,Gluten Intolerant/coeliac,5,1
5667,2,2,Halal,3,1
5669,8,8,No Pork,9,1
5674,2,2,Halal,3,1
5675,4,4,Diabetic,4,1
5677,2,2,Halal,3,1
5679,2,2,Halal,3,1
5688,2,2,Halal,3,1
5704,1,1,Vegetarian,1,1
5707,8,8,No Pork,9,1
5710,8,8,No Pork,9,1
5710,9,9,Nut Allergy,7,1
5717,8,8,No Pork,9,1
5721,1,1,Vegetarian,1,1
5721,5,5,Gluten Intolerant/coeliac,5,1
5734,1,1,Vegetarian,1,1
5735,2,2,Halal,3,1
5736,8,8,No Pork,9,1
5755,2,2,Halal,3,1
5755,3,3,Can eat Fish,8,1
5756,2,2,Halal,3,1
5759,1,1,Vegetarian,1,1
5762,1,1,Vegetarian,1,1
5764,4,4,Diabetic,4,1
5765,2,2,Halal,3,1
5769,2,2,Halal,3,1
5769,3,3,Can eat Fish,8,1
5774,2,2,Halal,3,1
5778,2,2,Halal,3,1
5818,1,1,Vegetarian,1,1
5822,2,2,Halal,3,1
5823,4,4,Diabetic,4,1
5827,2,2,Halal,3,1
5834,1,1,Vegetarian,1,1
5839,6,6,Other Dietary Requirement,10,1
5842,8,8,No Pork,9,1
5856,2,2,Halal,3,1
5857,4,4,Diabetic,4,1
5864,1,1,Vegetarian,1,1
5868,6,6,Other Dietary Requirement,10,1
5871,1,1,Vegetarian,1,1
5877,2,2,Halal,3,1
5881,2,2,Halal,3,1
5883,6,6,Other Dietary Requirement,10,1
5885,6,6,Other Dietary Requirement,10,1
5892,8,8,No Pork,9,1
5894,2,2,Halal,3,1
5899,1,1,Vegetarian,1,1
5899,5,5,Gluten Intolerant/coeliac,5,1
5906,8,8,No Pork,9,1
5922,1,1,Vegetarian,1,1
5922,3,3,Can eat Fish,8,1
5934,2,2,Halal,3,1
5950,1,1,Vegetarian,1,1
5955,9,9,Nut Allergy,7,1
5959,2,2,Halal,3,1
5968,2,2,Halal,3,1
5969,4,4,Diabetic,4,1
5983,9,9,Nut Allergy,7,1
5986,1,1,Vegetarian,1,1
5998,2,2,Halal,3,1
5999,2,2,Halal,3,1
6031,8,8,No Pork,9,1
6035,3,3,Can eat Fish,8,1
6044,2,2,Halal,3,1
6046,7,7,Vegan,2,1
6050,8,8,No Pork,9,1
6062,8,8,No Pork,9,1
6065,6,6,Other Dietary Requirement,10,1
6068,8,8,No Pork,9,1
6075,4,4,Diabetic,4,1
6077,2,2,Halal,3,1
6079,9,9,Nut Allergy,7,1
6086,8,8,No Pork,9,1
6093,9,9,Nut Allergy,7,1
6094,4,4,Diabetic,4,1
6116,2,2,Halal,3,1
6128,2,2,Halal,3,1
6144,2,2,Halal,3,1
6148,8,8,No Pork,9,1
6150,8,8,No Pork,9,1
6160,2,2,Halal,3,1
6160,3,3,Can eat Fish,8,1
6161,8,8,No Pork,9,1
6166,4,4,Diabetic,4,1
6171,8,8,No Pork,9,1
6181,9,9,Nut Allergy,7,1
6190,2,2,Halal,3,1
6192,1,1,Vegetarian,1,1
6197,2,2,Halal,3,1
6202,8,8,No Pork,9,1
6205,2,2,Halal,3,1
6208,2,2,Halal,3,1
6215,2,2,Halal,3,1
6244,6,6,Other Dietary Requirement,10,1
6263,2,2,Halal,3,1
6266,2,2,Halal,3,1
6288,1,1,Vegetarian,1,1
6288,4,4,Diabetic,4,1
6296,2,2,Halal,3,1
6301,2,2,Halal,3,1
6304,9,9,Nut Allergy,7,1
6319,8,8,No Pork,9,1
6323,9,9,Nut Allergy,7,1
6328,2,2,Halal,3,1
6330,2,2,Halal,3,1
6347,2,2,Halal,3,1
6351,8,8,No Pork,9,1
6352,2,2,Halal,3,1
6356,4,4,Diabetic,4,1
6358,8,8,No Pork,9,1
6377,2,2,Halal,3,1
6380,2,2,Halal,3,1
6383,8,8,No Pork,9,1
6395,4,4,Diabetic,4,1
6403,2,2,Halal,3,1
6411,8,8,No Pork,9,1
6413,2,2,Halal,3,1
6422,2,2,Halal,3,1
6426,2,2,Halal,3,1
6426,3,3,Can eat Fish,8,1
6437,2,2,Halal,3,1
6447,1,1,Vegetarian,1,1
6452,2,2,Halal,3,1
6460,2,2,Halal,3,1
6460,3,3,Can eat Fish,8,1
6470,4,4,Diabetic,4,1
6478,2,2,Halal,3,1
6487,8,8,No Pork,9,1
6489,1,1,Vegetarian,1,1
6496,1,1,Vegetarian,1,1
6496,6,6,Other Dietary Requirement,10,1
6496,9,9,Nut Allergy,7,1
6499,2,2,Halal,3,1
6504,2,2,Halal,3,1
6504,3,3,Can eat Fish,8,1
6504,8,8,No Pork,9,1
6506,6,6,Other Dietary Requirement,10,1
6530,4,4,Diabetic,4,1
6536,2,2,Halal,3,1
6537,4,4,Diabetic,4,1
6540,2,2,Halal,3,1
6541,2,2,Halal,3,1
6548,2,2,Halal,3,1
6548,8,8,No Pork,9,1
6556,2,2,Halal,3,1
6572,9,9,Nut Allergy,7,1
6573,8,8,No Pork,9,1
6573,9,9,Nut Allergy,7,1
6582,6,6,Other Dietary Requirement,10,1
6582,8,8,No Pork,9,1
6596,2,2,Halal,3,1
6599,2,2,Halal,3,1
6600,8,8,No Pork,9,1
6604,4,4,Diabetic,4,1
6609,2,2,Halal,3,1
6616,7,7,Vegan,2,1
6621,2,2,Halal,3,1
6621,3,3,Can eat Fish,8,1
6626,2,2,Halal,3,1
6634,2,2,Halal,3,1
6636,8,8,No Pork,9,1
6637,9,9,Nut Allergy,7,1
6640,2,2,Halal,3,1
6641,2,2,Halal,3,1
6644,2,2,Halal,3,1
6644,8,8,No Pork,9,1
6649,1,1,Vegetarian,1,1
6653,2,2,Halal,3,1
6664,9,9,Nut Allergy,7,1
6666,2,2,Halal,3,1
6672,2,2,Halal,3,1
6678,2,2,Halal,3,1
6689,2,2,Halal,3,1
6697,8,8,No Pork,9,1
6708,2,2,Halal,3,1
6709,1,1,Vegetarian,1,1
6710,9,9,Nut Allergy,7,1
6719,9,9,Nut Allergy,7,1
6723,2,2,Halal,3,1
6728,2,2,Halal,3,1
6738,2,2,Halal,3,1
6753,4,4,Diabetic,4,1
6757,1,1,Vegetarian,1,1
6757,5,5,Gluten Intolerant/coeliac,5,1
6760,9,9,Nut Allergy,7,1
6768,4,4,Diabetic,4,1
6774,2,2,Halal,3,1
6784,1,1,Vegetarian,1,1
6791,1,1,Vegetarian,1,1
6793,2,2,Halal,3,1
6796,2,2,Halal,3,1
6797,8,8,No Pork,9,1
6802,10,10,Coeliac,6,0
6820,2,2,Halal,3,1
6822,4,4,Diabetic,4,1
6832,2,2,Halal,3,1
6835,2,2,Halal,3,1
6835,4,4,Diabetic,4,1
6840,2,2,Halal,3,1
6847,1,1,Vegetarian,1,1
6876,8,8,No Pork,9,1
6889,2,2,Halal,3,1
6890,8,8,No Pork,9,1
6891,2,2,Halal,3,1
6892,2,2,Halal,3,1
6902,2,2,Halal,3,1
6906,2,2,Halal,3,1
6910,2,2,Halal,3,1
6912,2,2,Halal,3,1
6931,9,9,Nut Allergy,7,1
6934,4,4,Diabetic,4,1
6942,8,8,No Pork,9,1
6949,4,4,Diabetic,4,1
6961,8,8,No Pork,9,1
6962,8,8,No Pork,9,1
6964,4,4,Diabetic,4,1
6966,2,2,Halal,3,1
6966,3,3,Can eat Fish,8,1
6976,2,2,Halal,3,1
6988,2,2,Halal,3,1
6989,2,2,Halal,3,1
6990,2,2,Halal,3,1
7002,2,2,Halal,3,1
7003,2,2,Halal,3,1
7004,2,2,Halal,3,1
7013,6,6,Other Dietary Requirement,10,1
7044,2,2,Halal,3,1
7048,2,2,Halal,3,1
7050,2,2,Halal,3,1
7051,2,2,Halal,3,1
7053,8,8,No Pork,9,1
7061,6,6,Other Dietary Requirement,10,1
7081,2,2,Halal,3,1
7085,2,2,Halal,3,1
7088,2,2,Halal,3,1
7090,2,2,Halal,3,1
7099,2,2,Halal,3,1
7100,8,8,No Pork,9,1
7110,8,8,No Pork,9,1
7115,8,8,No Pork,9,1
7121,1,1,Vegetarian,1,1
7127,1,1,Vegetarian,1,1
7127,3,3,Can eat Fish,8,1
7128,9,9,Nut Allergy,7,1
7146,2,2,Halal,3,1
7149,2,2,Halal,3,1
7150,2,2,Halal,3,1
7151,9,9,Nut Allergy,7,1
7152,2,2,Halal,3,1
7152,3,3,Can eat Fish,8,1
7155,2,2,Halal,3,1
7163,1,1,Vegetarian,1,1
7168,6,6,Other Dietary Requirement,10,1
7168,8,8,No Pork,9,1
7174,6,6,Other Dietary Requirement,10,1
7178,2,2,Halal,3,1
7178,3,3,Can eat Fish,8,1
7193,4,4,Diabetic,4,1
7194,1,1,Vegetarian,1,1
7195,8,8,No Pork,9,1
7203,8,8,No Pork,9,1
7206,2,2,Halal,3,1
7206,3,3,Can eat Fish,8,1
7221,4,4,Diabetic,4,1
7230,6,6,Other Dietary Requirement,10,1
7230,8,8,No Pork,9,1
7243,8,8,No Pork,9,1
7244,2,2,Halal,3,1
7249,2,2,Halal,3,1
7255,2,2,Halal,3,1
7257,2,2,Halal,3,1
7275,2,2,Halal,3,1
7303,1,1,Vegetarian,1,1
7306,1,1,Vegetarian,1,1
7315,9,9,Nut Allergy,7,1
7317,2,2,Halal,3,1
7322,2,2,Halal,3,1
7324,2,2,Halal,3,1
7325,2,2,Halal,3,1
7326,2,2,Halal,3,1
7334,2,2,Halal,3,1
7339,4,4,Diabetic,4,1
7343,2,2,Halal,3,1
7344,2,2,Halal,3,1
7351,2,2,Halal,3,1
7380,9,9,Nut Allergy,7,1
7395,8,8,No Pork,9,1
7397,6,6,Other Dietary Requirement,10,1
7397,8,8,No Pork,9,1
7400,1,1,Vegetarian,1,1
7402,2,2,Halal,3,1
7404,8,8,No Pork,9,1
7409,8,8,No Pork,9,1
7410,2,2,Halal,3,1
7415,1,1,Vegetarian,1,1
7416,2,2,Halal,3,1
7424,2,2,Halal,3,1
7425,2,2,Halal,3,1
7427,2,2,Halal,3,1
7446,2,2,Halal,3,1
7447,2,2,Halal,3,1
7455,1,1,Vegetarian,1,1
7456,9,9,Nut Allergy,7,1
7459,2,2,Halal,3,1
7459,3,3,Can eat Fish,8,1
7465,2,2,Halal,3,1
7465,3,3,Can eat Fish,8,1
7467,2,2,Halal,3,1
7470,9,9,Nut Allergy,7,1
7484,8,8,No Pork,9,1
7485,8,8,No Pork,9,1
7486,2,2,Halal,3,1
7490,2,2,Halal,3,1
7491,2,2,Halal,3,1
7492,2,2,Halal,3,1
7495,8,8,No Pork,9,1
7497,2,2,Halal,3,1
7502,8,8,No Pork,9,1
7528,4,4,Diabetic,4,1
7532,1,1,Vegetarian,1,1
7542,9,9,Nut Allergy,7,1
7544,1,1,Vegetarian,1,1
7556,4,4,Diabetic,4,1
7578,2,2,Halal,3,1
7578,3,3,Can eat Fish,8,1
7588,2,2,Halal,3,1
7589,2,2,Halal,3,1
7591,2,2,Halal,3,1
7596,2,2,Halal,3,1
7599,2,2,Halal,3,1
7614,8,8,No Pork,9,1
7616,8,8,No Pork,9,1
7625,4,4,Diabetic,4,1
7627,2,2,Halal,3,1
7630,9,9,Nut Allergy,7,1
7631,2,2,Halal,3,1
7631,3,3,Can eat Fish,8,1
7637,1,1,Vegetarian,1,1
7640,2,2,Halal,3,1
7651,4,4,Diabetic,4,1
7652,2,2,Halal,3,1
7653,8,8,No Pork,9,1
7656,8,8,No Pork,9,1
7660,4,4,Diabetic,4,1
7662,9,9,Nut Allergy,7,1
7666,2,2,Halal,3,1
7667,2,2,Halal,3,1
7669,2,2,Halal,3,1
7676,2,2,Halal,3,1
7678,8,8,No Pork,9,1
7692,1,1,Vegetarian,1,1
7699,2,2,Halal,3,1
7704,4,4,Diabetic,4,1
7714,2,2,Halal,3,1
7718,8,8,No Pork,9,1
7735,9,9,Nut Allergy,7,1
7737,6,6,Other Dietary Requirement,10,1
7747,1,1,Vegetarian,1,1
7766,2,2,Halal,3,1
7768,2,2,Halal,3,1
7771,2,2,Halal,3,1
7773,2,2,Halal,3,1
7775,2,2,Halal,3,1
7778,8,8,No Pork,9,1
7785,2,2,Halal,3,1
7787,2,2,Halal,3,1
7790,2,2,Halal,3,1
7792,1,1,Vegetarian,1,1
7792,6,6,Other Dietary Requirement,10,1
7792,9,9,Nut Allergy,7,1
7796,2,2,Halal,3,1
7810,1,1,Vegetarian,1,1
7811,1,1,Vegetarian,1,1
7813,8,8,No Pork,9,1
7830,2,2,Halal,3,1
7831,4,4,Diabetic,4,1
7842,1,1,Vegetarian,1,1
7842,6,6,Other Dietary Requirement,10,1
7842,9,9,Nut Allergy,7,1
7843,2,2,Halal,3,1
7850,6,6,Other Dietary Requirement,10,1
7852,8,8,No Pork,9,1
7853,2,2,Halal,3,1
7854,2,2,Halal,3,1
7857,2,2,Halal,3,1
7869,4,4,Diabetic,4,1
7872,2,2,Halal,3,1
7879,1,1,Vegetarian,1,1
7889,8,8,No Pork,9,1
7890,2,2,Halal,3,1
7920,8,8,No Pork,9,1
7922,2,2,Halal,3,1
7926,9,9,Nut Allergy,7,1
7928,9,9,Nut Allergy,7,1
7931,2,2,Halal,3,1
7942,2,2,Halal,3,1
7947,2,2,Halal,3,1
7949,8,8,No Pork,9,1
7950,2,2,Halal,3,1
7978,4,4,Diabetic,4,1
7986,2,2,Halal,3,1
7994,2,2,Halal,3,1
7997,4,4,Diabetic,4,1
7997,8,8,No Pork,9,1
8009,8,8,No Pork,9,1
8017,9,9,Nut Allergy,7,1
8023,1,1,Vegetarian,1,1
8036,1,1,Vegetarian,1,1
8037,8,8,No Pork,9,1
8038,2,2,Halal,3,1
8041,2,2,Halal,3,1
8043,2,2,Halal,3,1
8048,2,2,Halal,3,1
8049,2,2,Halal,3,1
8050,2,2,Halal,3,1
8051,8,8,No Pork,9,1
8053,2,2,Halal,3,1
8056,5,5,Gluten Intolerant/coeliac,5,1
8056,6,6,Other Dietary Requirement,10,1
8056,9,9,Nut Allergy,7,1
8059,1,1,Vegetarian,1,1
8064,2,2,Halal,3,1
8065,2,2,Halal,3,1
8068,2,2,Halal,3,1
8069,8,8,No Pork,9,1
8103,2,2,Halal,3,1
8115,2,2,Halal,3,1
8122,2,2,Halal,3,1
8124,2,2,Halal,3,1
8126,2,2,Halal,3,1
8136,2,2,Halal,3,1
8137,8,8,No Pork,9,1
8147,5,5,Gluten Intolerant/coeliac,5,1
8147,10,10,Coeliac,6,0
8156,8,8,No Pork,9,1
8179,8,8,No Pork,9,1
8190,4,4,Diabetic,4,1
8192,6,6,Other Dietary Requirement,10,1
8192,8,8,No Pork,9,1
8194,2,2,Halal,3,1
8200,6,6,Other Dietary Requirement,10,1
8218,2,2,Halal,3,1
8221,8,8,No Pork,9,1
8222,2,2,Halal,3,1
8224,2,2,Halal,3,1
8230,1,1,Vegetarian,1,1
8236,2,2,Halal,3,1
8238,2,2,Halal,3,1
8241,2,2,Halal,3,1
8244,8,8,No Pork,9,1
8246,6,6,Other Dietary Requirement,10,1
8255,2,2,Halal,3,1
8261,2,2,Halal,3,1
8271,1,1,Vegetarian,1,1
8274,8,8,No Pork,9,1
8279,5,5,Gluten Intolerant/coeliac,5,1
8284,2,2,Halal,3,1
8284,3,3,Can eat Fish,8,1
8285,4,4,Diabetic,4,1
8296,1,1,Vegetarian,1,1
8303,2,2,Halal,3,1
8308,8,8,No Pork,9,1
8312,2,2,Halal,3,1
8313,8,8,No Pork,9,1
8318,8,8,No Pork,9,1
8326,2,2,Halal,3,1
8327,2,2,Halal,3,1
8331,2,2,Halal,3,1
8332,4,4,Diabetic,4,1
8336,2,2,Halal,3,1
8338,9,9,Nut Allergy,7,1
8348,2,2,Halal,3,1
8374,8,8,No Pork,9,1
8376,2,2,Halal,3,1
8382,2,2,Halal,3,1
8383,2,2,Halal,3,1
8387,8,8,No Pork,9,1
8391,4,4,Diabetic,4,1
8397,2,2,Halal,3,1
8405,2,2,Halal,3,1
8405,4,4,Diabetic,4,1
8409,2,2,Halal,3,1
8410,9,9,Nut Allergy,7,1
8427,8,8,No Pork,9,1
8439,8,8,No Pork,9,1
8449,2,2,Halal,3,1
8452,2,2,Halal,3,1
8453,2,2,Halal,3,1
8455,8,8,No Pork,9,1
8466,9,9,Nut Allergy,7,1
8470,2,2,Halal,3,1
8471,2,2,Halal,3,1
8505,8,8,No Pork,9,1
8508,2,2,Halal,3,1
8509,2,2,Halal,3,1
8510,2,2,Halal,3,1
8511,2,2,Halal,3,1
8516,4,4,Diabetic,4,1
8517,2,2,Halal,3,1
8518,2,2,Halal,3,1
8520,2,2,Halal,3,1
8531,2,2,Halal,3,1
8533,4,4,Diabetic,4,1
8539,1,1,Vegetarian,1,1
8539,6,6,Other Dietary Requirement,10,1
8539,9,9,Nut Allergy,7,1
8542,8,8,No Pork,9,1
8549,2,2,Halal,3,1
8555,1,1,Vegetarian,1,1
8563,2,2,Halal,3,1
8567,2,2,Halal,3,1
8594,4,4,Diabetic,4,1
8597,2,2,Halal,3,1
8601,2,2,Halal,3,1
8612,4,4,Diabetic,4,1
8623,2,2,Halal,3,1
8638,5,5,Gluten Intolerant/coeliac,5,1
8638,10,10,Coeliac,6,0
8641,2,2,Halal,3,1
8647,8,8,No Pork,9,1
8648,9,9,Nut Allergy,7,1
8650,2,2,Halal,3,1
8653,5,5,Gluten Intolerant/coeliac,5,1
8661,2,2,Halal,3,1
8662,2,2,Halal,3,1
8663,2,2,Halal,3,1
8666,2,2,Halal,3,1
8667,2,2,Halal,3,1
8677,1,1,Vegetarian,1,1
8678,8,8,No Pork,9,1
8688,2,2,Halal,3,1
8690,2,2,Halal,3,1
8691,2,2,Halal,3,1
8692,2,2,Halal,3,1
8707,9,9,Nut Allergy,7,1
8721,9,9,Nut Allergy,7,1
8722,2,2,Halal,3,1
8723,8,8,No Pork,9,1
8727,5,5,Gluten Intolerant/coeliac,5,1
8727,10,10,Coeliac,6,0
8729,1,1,Vegetarian,1,1
8731,6,6,Other Dietary Requirement,10,1
8740,4,4,Diabetic,4,1
8763,4,4,Diabetic,4,1
8769,2,2,Halal,3,1
8779,2,2,Halal,3,1
8792,8,8,No Pork,9,1
8796,4,4,Diabetic,4,1
8797,1,1,Vegetarian,1,1
8811,2,2,Halal,3,1
8813,2,2,Halal,3,1
8814,2,2,Halal,3,1
8815,2,2,Halal,3,1
8835,2,2,Halal,3,1
8846,2,2,Halal,3,1
8846,3,3,Can eat Fish,8,1
8847,1,1,Vegetarian,1,1
8847,6,6,Other Dietary Requirement,10,1
8847,9,9,Nut Allergy,7,1
8851,2,2,Halal,3,1
8853,8,8,No Pork,9,1
8858,2,2,Halal,3,1
8859,2,2,Halal,3,1
8866,8,8,No Pork,9,1
8868,2,2,Halal,3,1
8869,2,2,Halal,3,1
8872,4,4,Diabetic,4,1
8877,8,8,No Pork,9,1
8881,2,2,Halal,3,1
8889,4,4,Diabetic,4,1
8896,1,1,Vegetarian,1,1
8903,2,2,Halal,3,1
8903,4,4,Diabetic,4,1
8907,4,4,Diabetic,4,1
8911,1,1,Vegetarian,1,1
8921,2,2,Halal,3,1
8922,4,4,Diabetic,4,1
8924,8,8,No Pork,9,1
8925,1,1,Vegetarian,1,1
8926,8,8,No Pork,9,1
8928,9,9,Nut Allergy,7,1
8937,1,1,Vegetarian,1,1
8941,2,2,Halal,3,1
8943,2,2,Halal,3,1
8944,2,2,Halal,3,1
8946,2,2,Halal,3,1
8949,2,2,Halal,3,1
8964,2,2,Halal,3,1
8969,1,1,Vegetarian,1,1
8974,2,2,Halal,3,1
8978,2,2,Halal,3,1
8987,8,8,No Pork,9,1
8990,8,8,No Pork,9,1
9000,8,8,No Pork,9,1
9014,1,1,Vegetarian,1,1
9014,6,6,Other Dietary Requirement,10,1
9014,9,9,Nut Allergy,7,1
9019,2,2,Halal,3,1
9028,1,1,Vegetarian,1,1
9028,2,2,Halal,3,1
9028,4,4,Diabetic,4,1
9029,2,2,Halal,3,1
9031,2,2,Halal,3,1
9040,2,2,Halal,3,1
9043,2,2,Halal,3,1
9052,2,2,Halal,3,1
9055,9,9,Nut Allergy,7,1
9067,2,2,Halal,3,1
9070,8,8,No Pork,9,1
9074,2,2,Halal,3,1
9080,2,2,Halal,3,1
9081,2,2,Halal,3,1
9083,2,2,Halal,3,1
9088,2,2,Halal,3,1
9091,4,4,Diabetic,4,1
9096,2,2,Halal,3,1
9101,2,2,Halal,3,1
9137,1,1,Vegetarian,1,1
9142,2,2,Halal,3,1
9143,2,2,Halal,3,1
9150,2,2,Halal,3,1
9159,9,9,Nut Allergy,7,1
9169,2,2,Halal,3,1
9183,1,1,Vegetarian,1,1
9229,2,2,Halal,3,1
9237,2,2,Halal,3,1
9238,2,2,Halal,3,1
9241,2,2,Halal,3,1
9259,1,1,Vegetarian,1,1
9271,2,2,Halal,3,1
9291,5,5,Gluten Intolerant/coeliac,5,1
9297,9,9,Nut Allergy,7,1
9308,2,2,Halal,3,1
9313,2,2,Halal,3,1
9316,2,2,Halal,3,1
9318,5,5,Gluten Intolerant/coeliac,5,1
9318,6,6,Other Dietary Requirement,10,1
9319,8,8,No Pork,9,1
9321,4,4,Diabetic,4,1
9328,4,4,Diabetic,4,1
9330,4,4,Diabetic,4,1
9331,4,4,Diabetic,4,1
9331,8,8,No Pork,9,1
9345,2,2,Halal,3,1
9345,3,3,Can eat Fish,8,1
9348,2,2,Halal,3,1
9358,5,5,Gluten Intolerant/coeliac,5,1
9360,8,8,No Pork,9,1
9362,2,2,Halal,3,1
9378,2,2,Halal,3,1
9388,2,2,Halal,3,1
9393,5,5,Gluten Intolerant/coeliac,5,1
9393,9,9,Nut Allergy,7,1
9393,10,10,Coeliac,6,0
9394,2,2,Halal,3,1
9395,2,2,Halal,3,1
9396,2,2,Halal,3,1
9397,2,2,Halal,3,1
9399,2,2,Halal,3,1
9400,2,2,Halal,3,1
9401,2,2,Halal,3,1
9424,2,2,Halal,3,1
9427,2,2,Halal,3,1
9431,2,2,Halal,3,1
9432,2,2,Halal,3,1
9441,2,2,Halal,3,1
9455,2,2,Halal,3,1
9460,2,2,Halal,3,1
9461,2,2,Halal,3,1
9466,2,2,Halal,3,1
9468,2,2,Halal,3,1
9494,8,8,No Pork,9,1
9500,5,5,Gluten Intolerant/coeliac,5,1
9500,9,9,Nut Allergy,7,1
9500,10,10,Coeliac,6,0
9503,2,2,Halal,3,1
9505,2,2,Halal,3,1
9509,10,10,Coeliac,6,0
9516,2,2,Halal,3,1
9517,2,2,Halal,3,1
9518,2,2,Halal,3,1
9522,2,2,Halal,3,1
9522,3,3,Can eat Fish,8,1
9522,9,9,Nut Allergy,7,1
9524,6,6,Other Dietary Requirement,10,1
9531,1,1,Vegetarian,1,1
9533,2,2,Halal,3,1
9535,4,4,Diabetic,4,1
9541,9,9,Nut Allergy,7,1
9555,9,9,Nut Allergy,7,1
9572,2,2,Halal,3,1
9573,2,2,Halal,3,1
9587,6,6,Other Dietary Requirement,10,1
9591,5,5,Gluten Intolerant/coeliac,5,1
9591,9,9,Nut Allergy,7,1
9608,4,4,Diabetic,4,1
9621,2,2,Halal,3,1
9626,9,9,Nut Allergy,7,1
9632,1,1,Vegetarian,1,1
9633,1,1,Vegetarian,1,1
9634,2,2,Halal,3,1
9648,2,2,Halal,3,1
9652,2,2,Halal,3,1
9655,6,6,Other Dietary Requirement,10,1
9662,2,2,Halal,3,1
9662,8,8,No Pork,9,1
9671,2,2,Halal,3,1
9678,2,2,Halal,3,1
9684,2,2,Halal,3,1
9694,5,5,Gluten Intolerant/coeliac,5,1
9700,2,2,Halal,3,1
9706,2,2,Halal,3,1
9712,2,2,Halal,3,1
9721,2,2,Halal,3,1
9729,2,2,Halal,3,1
9729,3,3,Can eat Fish,8,1
9733,2,2,Halal,3,1
9734,2,2,Halal,3,1
9738,1,1,Vegetarian,1,1
9739,2,2,Halal,3,1
9748,2,2,Halal,3,1
9750,2,2,Halal,3,1
9758,2,2,Halal,3,1
9771,2,2,Halal,3,1
9771,3,3,Can eat Fish,8,1
9773,2,2,Halal,3,1
9774,2,2,Halal,3,1
9775,2,2,Halal,3,1
9778,1,1,Vegetarian,1,1
9783,2,2,Halal,3,1
9786,1,1,Vegetarian,1,1
9792,2,2,Halal,3,1
9793,2,2,Halal,3,1
9798,8,8,No Pork,9,1
9811,2,2,Halal,3,1
9829,9,9,Nut Allergy,7,1
9832,2,2,Halal,3,1
9833,1,1,Vegetarian,1,1
9834,2,2,Halal,3,1
9834,8,8,No Pork,9,1
9835,2,2,Halal,3,1
9836,2,2,Halal,3,1
9849,1,1,Vegetarian,1,1
9858,2,2,Halal,3,1
9858,3,3,Can eat Fish,8,1
9863,2,2,Halal,3,1
9879,8,8,No Pork,9,1
9881,2,2,Halal,3,1
9886,2,2,Halal,3,1
9890,4,4,Diabetic,4,1
9918,2,2,Halal,3,1
9918,3,3,Can eat Fish,8,1
9919,8,8,No Pork,9,1
9928,2,2,Halal,3,1
9931,4,4,Diabetic,4,1
9946,2,2,Halal,3,1
9950,2,2,Halal,3,1
9951,2,2,Halal,3,1
9970,2,2,Halal,3,1
9970,4,4,Diabetic,4,1
9974,9,9,Nut Allergy,7,1
9975,2,2,Halal,3,1
9976,8,8,No Pork,9,1
9978,1,1,Vegetarian,1,1
9981,2,2,Halal,3,1
9988,2,2,Halal,3,1
9991,2,2,Halal,3,1
9994,2,2,Halal,3,1
10020,2,2,Halal,3,1
10020,3,3,Can eat Fish,8,1
10020,9,9,Nut Allergy,7,1
10030,9,9,Nut Allergy,7,1
10040,8,8,No Pork,9,1
10047,2,2,Halal,3,1
10054,8,8,No Pork,9,1
10057,2,2,Halal,3,1
10061,4,4,Diabetic,4,1
10064,6,6,Other Dietary Requirement,10,1
10065,2,2,Halal,3,1
10066,2,2,Halal,3,1
10070,2,2,Halal,3,1
10082,2,2,Halal,3,1
10094,2,2,Halal,3,1
10098,2,2,Halal,3,1
10107,2,2,Halal,3,1
10109,2,2,Halal,3,1
10112,2,2,Halal,3,1
10116,2,2,Halal,3,1
10120,9,9,Nut Allergy,7,1
10132,2,2,Halal,3,1
10135,4,4,Diabetic,4,1
10138,1,1,Vegetarian,1,1
10139,4,4,Diabetic,4,1
10149,2,2,Halal,3,1
10161,4,4,Diabetic,4,1
10163,5,5,Gluten Intolerant/coeliac,5,1
10163,9,9,Nut Allergy,7,1
10167,4,4,Diabetic,4,1
10168,4,4,Diabetic,4,1
10183,1,1,Vegetarian,1,1
10183,6,6,Other Dietary Requirement,10,1
10183,9,9,Nut Allergy,7,1
10188,2,2,Halal,3,1
10189,2,2,Halal,3,1
10190,2,2,Halal,3,1
10193,1,1,Vegetarian,1,1
10197,2,2,Halal,3,1
10199,2,2,Halal,3,1
10219,10,10,Coeliac,6,0
10221,4,4,Diabetic,4,1
10223,9,9,Nut Allergy,7,1
10242,1,1,Vegetarian,1,1
10247,2,2,Halal,3,1
10258,8,8,No Pork,9,1
10262,4,4,Diabetic,4,1
10263,2,2,Halal,3,1
10264,2,2,Halal,3,1
10266,2,2,Halal,3,1
10266,8,8,No Pork,9,1
10269,5,5,Gluten Intolerant/coeliac,5,1
10289,1,1,Vegetarian,1,1
10290,2,2,Halal,3,1
10297,8,8,No Pork,9,1
10307,1,1,Vegetarian,1,1
10310,2,2,Halal,3,1
10320,4,4,Diabetic,4,1
10321,1,1,Vegetarian,1,1
10325,1,1,Vegetarian,1,1
10327,2,2,Halal,3,1
10329,2,2,Halal,3,1
10331,2,2,Halal,3,1
10332,2,2,Halal,3,1
10338,9,9,Nut Allergy,7,1
10346,8,8,No Pork,9,1
10349,2,2,Halal,3,1
10350,5,5,Gluten Intolerant/coeliac,5,1
10357,8,8,No Pork,9,1
10360,2,2,Halal,3,1
10363,2,2,Halal,3,1
10369,11,11,lactose intolerent,11,1
10372,2,2,Halal,3,1
10373,6,6,Other Dietary Requirement,10,1
10374,7,7,Vegan,2,1
10383,2,2,Halal,3,1
10389,1,1,Vegetarian,1,1
10403,8,8,No Pork,9,1
10407,5,5,Gluten Intolerant/coeliac,5,1
10421,1,1,Vegetarian,1,1
10423,5,5,Gluten Intolerant/coeliac,5,1
10423,9,9,Nut Allergy,7,1
10424,4,4,Diabetic,4,1
10427,2,2,Halal,3,1
10427,3,3,Can eat Fish,8,1
10450,2,2,Halal,3,1
10451,2,2,Halal,3,1
10453,1,1,Vegetarian,1,1
10454,2,2,Halal,3,1
10461,2,2,Halal,3,1
10463,2,2,Halal,3,1
10466,2,2,Halal,3,1
10473,2,2,Halal,3,1
10474,1,1,Vegetarian,1,1
10481,2,2,Halal,3,1
10482,2,2,Halal,3,1
10490,8,8,No Pork,9,1
10491,6,6,Other Dietary Requirement,10,1
10497,2,2,Halal,3,1
10501,4,4,Diabetic,4,1
10502,8,8,No Pork,9,1
10507,5,5,Gluten Intolerant/coeliac,5,1
10508,2,2,Halal,3,1
10509,9,9,Nut Allergy,7,1
10511,2,2,Halal,3,1
10511,8,8,No Pork,9,1
10515,2,2,Halal,3,1
10516,4,4,Diabetic,4,1
10517,2,2,Halal,3,1
10519,4,4,Diabetic,4,1
10526,2,2,Halal,3,1
10527,2,2,Halal,3,1
10534,2,2,Halal,3,1
10536,2,2,Halal,3,1
10547,2,2,Halal,3,1
10549,2,2,Halal,3,1
10550,2,2,Halal,3,1
10551,2,2,Halal,3,1
10557,1,1,Vegetarian,1,1
10559,2,2,Halal,3,1
10563,2,2,Halal,3,1
10570,1,1,Vegetarian,1,1
10574,4,4,Diabetic,4,1
10584,4,4,Diabetic,4,1
10586,1,1,Vegetarian,1,1
10596,2,2,Halal,3,1
10602,2,2,Halal,3,1
10603,1,1,Vegetarian,1,1
10603,3,3,Can eat Fish,8,1
10617,2,2,Halal,3,1
10624,2,2,Halal,3,1
10631,2,2,Halal,3,1
10631,3,3,Can eat Fish,8,1
10632,4,4,Diabetic,4,1
10633,2,2,Halal,3,1
10634,2,2,Halal,3,1
10635,2,2,Halal,3,1
10635,8,8,No Pork,9,1
10638,8,8,No Pork,9,1
10643,2,2,Halal,3,1
10644,4,4,Diabetic,4,1
10658,1,1,Vegetarian,1,1
10662,2,2,Halal,3,1
10667,2,2,Halal,3,1
10668,2,2,Halal,3,1
10669,2,2,Halal,3,1
10671,2,2,Halal,3,1
10673,2,2,Halal,3,1
10674,2,2,Halal,3,1
10675,6,6,Other Dietary Requirement,10,1
10678,2,2,Halal,3,1
10679,2,2,Halal,3,1
10680,4,4,Diabetic,4,1
10684,6,6,Other Dietary Requirement,10,1
10691,1,1,Vegetarian,1,1
10691,3,3,Can eat Fish,8,1
10698,4,4,Diabetic,4,1
10701,8,8,No Pork,9,1
10711,2,2,Halal,3,1
10716,1,1,Vegetarian,1,1
10719,1,1,Vegetarian,1,1
10719,3,3,Can eat Fish,8,1
10723,8,8,No Pork,9,1
10724,2,2,Halal,3,1
10725,2,2,Halal,3,1
10727,2,2,Halal,3,1
10729,8,8,No Pork,9,1
10734,4,4,Diabetic,4,1
10744,4,4,Diabetic,4,1
10745,2,2,Halal,3,1
10746,2,2,Halal,3,1
10748,2,2,Halal,3,1
10748,8,8,No Pork,9,1
10749,1,1,Vegetarian,1,1
10749,2,2,Halal,3,1
10750,2,2,Halal,3,1
10751,2,2,Halal,3,1
10752,2,2,Halal,3,1
10752,7,7,Vegan,2,1
10754,2,2,Halal,3,1
10754,7,7,Vegan,2,1
10756,2,2,Halal,3,1
10757,2,2,Halal,3,1
10758,2,2,Halal,3,1
10760,2,2,Halal,3,1
10760,3,3,Can eat Fish,8,1
10768,1,1,Vegetarian,1,1
10774,2,2,Halal,3,1
10776,2,2,Halal,3,1
10787,5,5,Gluten Intolerant/coeliac,5,1
10793,2,2,Halal,3,1
10807,2,2,Halal,3,1
10810,2,2,Halal,3,1
10811,8,8,No Pork,9,1
10814,2,2,Halal,3,1
10818,2,2,Halal,3,1
10819,2,2,Halal,3,1
10820,2,2,Halal,3,1
10821,2,2,Halal,3,1
10825,2,2,Halal,3,1
10826,2,2,Halal,3,1
10827,2,2,Halal,3,1
10828,9,9,Nut Allergy,7,1
10830,2,2,Halal,3,1
10833,5,5,Gluten Intolerant/coeliac,5,1
10836,9,9,Nut Allergy,7,1
10839,1,1,Vegetarian,1,1
10852,2,2,Halal,3,1
10853,2,2,Halal,3,1
10855,1,1,Vegetarian,1,1
10856,1,1,Vegetarian,1,1
10861,2,2,Halal,3,1
10864,6,6,Other Dietary Requirement,10,1
10882,8,8,No Pork,9,1
10883,2,2,Halal,3,1
10889,4,4,Diabetic,4,1
10891,2,2,Halal,3,1
10895,2,2,Halal,3,1
10900,1,1,Vegetarian,1,1
10904,2,2,Halal,3,1
10918,1,1,Vegetarian,1,1
10918,3,3,Can eat Fish,8,1
10920,1,1,Vegetarian,1,1
10920,3,3,Can eat Fish,8,1
10923,2,2,Halal,3,1
10924,2,2,Halal,3,1
10926,2,2,Halal,3,1
10931,2,2,Halal,3,1
10932,2,2,Halal,3,1
10933,2,2,Halal,3,1
10934,2,2,Halal,3,1
10935,2,2,Halal,3,1
10938,2,2,Halal,3,1
10938,4,4,Diabetic,4,1
10939,1,1,Vegetarian,1,1
10943,1,1,Vegetarian,1,1
10949,2,2,Halal,3,1
10950,2,2,Halal,3,1
10953,2,2,Halal,3,1
10954,2,2,Halal,3,1
10955,2,2,Halal,3,1
10956,1,1,Vegetarian,1,1
10957,2,2,Halal,3,1
10960,2,2,Halal,3,1
10966,4,4,Diabetic,4,1
10974,8,8,No Pork,9,1
10977,4,4,Diabetic,4,1
10999,2,2,Halal,3,1
11003,2,2,Halal,3,1
11004,2,2,Halal,3,1
11006,2,2,Halal,3,1
11010,2,2,Halal,3,1
11014,9,9,Nut Allergy,7,1
11019,6,6,Other Dietary Requirement,10,1
11032,2,2,Halal,3,1
11041,2,2,Halal,3,1
11043,2,2,Halal,3,1
11044,2,2,Halal,3,1
11045,2,2,Halal,3,1
11046,2,2,Halal,3,1
11048,2,2,Halal,3,1
11051,1,1,Vegetarian,1,1
11055,1,1,Vegetarian,1,1
11056,1,1,Vegetarian,1,1
11063,2,2,Halal,3,1
11064,2,2,Halal,3,1
11083,6,6,Other Dietary Requirement,10,1
11085,1,1,Vegetarian,1,1
11086,2,2,Halal,3,1
11087,2,2,Halal,3,1
11088,2,2,Halal,3,1
11095,4,4,Diabetic,4,1
11105,5,5,Gluten Intolerant/coeliac,5,1
11107,1,1,Vegetarian,1,1
11109,2,2,Halal,3,1
11114,2,2,Halal,3,1
11115,8,8,No Pork,9,1
11116,8,8,No Pork,9,1
11118,2,2,Halal,3,1
11120,2,2,Halal,3,1
11121,2,2,Halal,3,1
11123,2,2,Halal,3,1
11124,2,2,Halal,3,1
11125,6,6,Other Dietary Requirement,10,1
11128,8,8,No Pork,9,1
11129,2,2,Halal,3,1
11140,8,8,No Pork,9,1
11140,9,9,Nut Allergy,7,1
11144,1,1,Vegetarian,1,1
11149,2,2,Halal,3,1
11152,1,1,Vegetarian,1,1
11153,2,2,Halal,3,1
11154,2,2,Halal,3,1
11155,2,2,Halal,3,1
11157,2,2,Halal,3,1
11158,2,2,Halal,3,1
11159,2,2,Halal,3,1
11160,2,2,Halal,3,1
11161,2,2,Halal,3,1
11165,2,2,Halal,3,1
11169,1,1,Vegetarian,1,1
11175,4,4,Diabetic,4,1
11183,4,4,Diabetic,4,1
11186,2,2,Halal,3,1
11189,2,2,Halal,3,1
11190,2,2,Halal,3,1
11203,2,2,Halal,3,1
11208,2,2,Halal,3,1
11222,2,2,Halal,3,1
11224,2,2,Halal,3,1
11225,1,1,Vegetarian,1,1
11228,2,2,Halal,3,1
11229,8,8,No Pork,9,1
11237,2,2,Halal,3,1
11239,6,6,Other Dietary Requirement,10,1
11246,8,8,No Pork,9,1
11258,4,4,Diabetic,4,1
11259,2,2,Halal,3,1
11260,2,2,Halal,3,1
11263,2,2,Halal,3,1
11264,2,2,Halal,3,1
11266,2,2,Halal,3,1
11267,2,2,Halal,3,1
11268,2,2,Halal,3,1
11269,2,2,Halal,3,1
11273,2,2,Halal,3,1
11274,2,2,Halal,3,1
11275,2,2,Halal,3,1
11291,4,4,Diabetic,4,1
11296,2,2,Halal,3,1
11298,2,2,Halal,3,1
11301,2,2,Halal,3,1
11304,12,12,pregnancy,12,1
11314,6,6,Other Dietary Requirement,10,1
11316,2,2,Halal,3,1
11319,8,8,No Pork,9,1
11320,1,1,Vegetarian,1,1
11326,2,2,Halal,3,1
11328,2,2,Halal,3,1
11331,2,2,Halal,3,1
11339,2,2,Halal,3,1
11341,2,2,Halal,3,1
11342,2,2,Halal,3,1
11343,2,2,Halal,3,1
11352,2,2,Halal,3,1
11362,2,2,Halal,3,1
11368,4,4,Diabetic,4,1
11369,4,4,Diabetic,4,1
11373,1,1,Vegetarian,1,1
11379,2,2,Halal,3,1
11380,2,2,Halal,3,1
11381,2,2,Halal,3,1
11382,2,2,Halal,3,1
11383,2,2,Halal,3,1
11384,2,2,Halal,3,1
11385,2,2,Halal,3,1
11387,2,2,Halal,3,1
11388,2,2,Halal,3,1
11389,2,2,Halal,3,1
11399,2,2,Halal,3,1
11400,2,2,Halal,3,1
11401,2,2,Halal,3,1
11414,12,12,pregnancy,12,1
11420,2,2,Halal,3,1
11447,8,8,No Pork,9,1
11450,2,2,Halal,3,1
11452,9,9,Nut Allergy,7,1
11457,8,8,No Pork,9,1
11463,4,4,Diabetic,4,1
11465,4,4,Diabetic,4,1
11466,9,9,Nut Allergy,7,1
11468,8,8,No Pork,9,1
11473,2,2,Halal,3,1
11475,9,9,Nut Allergy,7,1
11478,8,8,No Pork,9,1
11480,2,2,Halal,3,1
11488,2,2,Halal,3,1
11490,2,2,Halal,3,1
11491,2,2,Halal,3,1
11495,12,12,pregnancy,12,1
11510,8,8,No Pork,9,1
11512,4,4,Diabetic,4,1
11515,2,2,Halal,3,1
11516,2,2,Halal,3,1
11527,12,12,pregnancy,12,1
11531,2,2,Halal,3,1
11534,4,4,Diabetic,4,1
11535,12,12,pregnancy,12,1
11538,2,2,Halal,3,1
11543,2,2,Halal,3,1
11545,2,2,Halal,3,1
11550,4,4,Diabetic,4,1
11554,1,1,Vegetarian,1,1
11570,2,2,Halal,3,1
11577,8,8,No Pork,9,1
11593,2,2,Halal,3,1
11595,2,2,Halal,3,1
11596,2,2,Halal,3,1
11597,2,2,Halal,3,1
11598,2,2,Halal,3,1
11603,8,8,No Pork,9,1
11612,5,5,Gluten Intolerant/coeliac,5,1
11623,1,1,Vegetarian,1,1
11631,9,9,Nut Allergy,7,1
11645,2,2,Halal,3,1
11648,1,1,Vegetarian,1,1
11650,2,2,Halal,3,1
11651,4,4,Diabetic,4,1
11652,2,2,Halal,3,1
11678,2,2,Halal,3,1
11688,12,12,pregnancy,12,1
11691,1,1,Vegetarian,1,1
11701,2,2,Halal,3,1
11703,2,2,Halal,3,1
11705,2,2,Halal,3,1
11711,6,6,Other Dietary Requirement,10,1
11722,1,1,Vegetarian,1,1
11730,2,2,Halal,3,1
11731,4,4,Diabetic,4,1
11735,2,2,Halal,3,1
11736,1,1,Vegetarian,1,1
11751,2,2,Halal,3,1
11754,2,2,Halal,3,1
11759,2,2,Halal,3,1
11762,2,2,Halal,3,1
11764,2,2,Halal,3,1
11783,8,8,No Pork,9,1
11799,12,12,pregnancy,12,1
11803,4,4,Diabetic,4,1
11806,2,2,Halal,3,1
11807,2,2,Halal,3,1
11809,2,2,Halal,3,1
11812,2,2,Halal,3,1
11816,2,2,Halal,3,1
11819,2,2,Halal,3,1
11834,2,2,Halal,3,1
11836,2,2,Halal,3,1
11852,6,6,Other Dietary Requirement,10,1
11857,2,2,Halal,3,1
11862,5,5,Gluten Intolerant/coeliac,5,1
11893,1,1,Vegetarian,1,1
11895,4,4,Diabetic,4,1
11900,2,2,Halal,3,1
11900,4,4,Diabetic,4,1
11903,9,9,Nut Allergy,7,1
11916,2,2,Halal,3,1
11917,2,2,Halal,3,1
11918,2,2,Halal,3,1
11935,1,1,Vegetarian,1,1
11940,2,2,Halal,3,1
11943,8,8,No Pork,9,1
11944,1,1,Vegetarian,1,1
11951,2,2,Halal,3,1
11954,2,2,Halal,3,1
11956,2,2,Halal,3,1
11966,2,2,Halal,3,1
11967,9,9,Nut Allergy,7,1
11983,2,2,Halal,3,1
12000,12,12,pregnancy,12,1
12011,1,1,Vegetarian,1,1
12020,2,2,Halal,3,1
12025,2,2,Halal,3,1
12027,2,2,Halal,3,1
12040,2,2,Halal,3,1
12053,4,4,Diabetic,4,1
12055,9,9,Nut Allergy,7,1
12062,1,1,Vegetarian,1,1
12071,2,2,Halal,3,1
12074,2,2,Halal,3,1
12077,2,2,Halal,3,1
12078,2,2,Halal,3,1
12080,1,1,Vegetarian,1,1
12083,4,4,Diabetic,4,1
12086,2,2,Halal,3,1
12089,2,2,Halal,3,1
12089,8,8,No Pork,9,1
12094,1,1,Vegetarian,1,1
12098,1,1,Vegetarian,1,1
12106,2,2,Halal,3,1
12113,1,1,Vegetarian,1,1
12115,1,1,Vegetarian,1,1
12128,8,8,No Pork,9,1
12145,2,2,Halal,3,1
12146,2,2,Halal,3,1
12148,2,2,Halal,3,1
12149,2,2,Halal,3,1
12154,2,2,Halal,3,1
12158,2,2,Halal,3,1
12160,2,2,Halal,3,1
12161,2,2,Halal,3,1
12178,2,2,Halal,3,1
12182,3,3,Can eat Fish,8,1
12182,6,6,Other Dietary Requirement,10,1
12190,1,1,Vegetarian,1,1
12199,6,6,Other Dietary Requirement,10,1
12215,2,2,Halal,3,1
12225,2,2,Halal,3,1
12229,1,1,Vegetarian,1,1
12231,8,8,No Pork,9,1
12238,2,2,Halal,3,1
12240,2,2,Halal,3,1
12247,1,1,Vegetarian,1,1
12251,2,2,Halal,3,1
12254,1,1,Vegetarian,1,1
12259,2,2,Halal,3,1
12260,2,2,Halal,3,1
12271,4,4,Diabetic,4,1
12275,2,2,Halal,3,1
12282,4,4,Diabetic,4,1
12284,9,9,Nut Allergy,7,1
12292,1,1,Vegetarian,1,1
12295,5,5,Gluten Intolerant/coeliac,5,1
12295,9,9,Nut Allergy,7,1
12298,2,2,Halal,3,1
12299,3,3,Can eat Fish,8,1
12301,2,2,Halal,3,1
12304,2,2,Halal,3,1
12307,9,9,Nut Allergy,7,1
12310,2,2,Halal,3,1
12311,2,2,Halal,3,1
12323,9,9,Nut Allergy,7,1
12329,4,4,Diabetic,4,1
12330,2,2,Halal,3,1
12341,1,1,Vegetarian,1,1
12341,7,7,Vegan,2,1
12350,2,2,Halal,3,1
12351,2,2,Halal,3,1
12357,2,2,Halal,3,1
12370,4,4,Diabetic,4,1
12371,2,2,Halal,3,1
12380,2,2,Halal,3,1
12383,1,1,Vegetarian,1,1
12398,1,1,Vegetarian,1,1
12402,1,1,Vegetarian,1,1
12406,1,1,Vegetarian,1,1
12420,2,2,Halal,3,1
12425,2,2,Halal,3,1
12425,5,5,Gluten Intolerant/coeliac,5,1
12429,2,2,Halal,3,1
12430,11,11,lactose intolerent,11,1
12440,9,9,Nut Allergy,7,1
12446,2,2,Halal,3,1
12446,5,5,Gluten Intolerant/coeliac,5,1
12446,6,6,Other Dietary Requirement,10,1
12446,11,11,lactose intolerent,11,1
12447,2,2,Halal,3,1
12448,8,8,No Pork,9,1
12449,2,2,Halal,3,1
12452,4,4,Diabetic,4,1
12453,2,2,Halal,3,1
12468,2,2,Halal,3,1
12472,2,2,Halal,3,1
12473,5,5,Gluten Intolerant/coeliac,5,1
12478,6,6,Other Dietary Requirement,10,1
12480,9,9,Nut Allergy,7,1
12484,1,1,Vegetarian,1,1
12484,2,2,Halal,3,1
12484,5,5,Gluten Intolerant/coeliac,5,1
12490,2,2,Halal,3,1
12493,2,2,Halal,3,1
12494,2,2,Halal,3,1
12499,9,9,Nut Allergy,7,1
12508,2,2,Halal,3,1
12513,2,2,Halal,3,1
12517,2,2,Halal,3,1
12523,2,2,Halal,3,1
12525,2,2,Halal,3,1
12527,6,6,Other Dietary Requirement,10,1
12537,4,4,Diabetic,4,1
12538,2,2,Halal,3,1
12539,2,2,Halal,3,1
12544,4,4,Diabetic,4,1
12546,9,9,Nut Allergy,7,1
12557,2,2,Halal,3,1
12562,4,4,Diabetic,4,1
12563,2,2,Halal,3,1
12572,2,2,Halal,3,1
12589,8,8,No Pork,9,1
12591,1,1,Vegetarian,1,1
12596,4,4,Diabetic,4,1
12598,2,2,Halal,3,1
12603,6,6,Other Dietary Requirement,10,1
12603,8,8,No Pork,9,1
12608,2,2,Halal,3,1
12610,2,2,Halal,3,1
12614,1,1,Vegetarian,1,1
12614,2,2,Halal,3,1
12614,5,5,Gluten Intolerant/coeliac,5,1
12615,2,2,Halal,3,1
12615,5,5,Gluten Intolerant/coeliac,5,1
12620,11,11,lactose intolerent,11,1
12629,2,2,Halal,3,1
12646,2,2,Halal,3,1
12655,2,2,Halal,3,1
12656,2,2,Halal,3,1
12660,2,2,Halal,3,1
12663,2,2,Halal,3,1
12679,2,2,Halal,3,1
12689,1,1,Vegetarian,1,1
12689,9,9,Nut Allergy,7,1
12694,2,2,Halal,3,1
12694,3,3,Can eat Fish,8,1
12700,11,11,lactose intolerent,11,1
12710,4,4,Diabetic,4,1
12717,1,1,Vegetarian,1,1
12717,2,2,Halal,3,1
12727,5,5,Gluten Intolerant/coeliac,5,1
12727,6,6,Other Dietary Requirement,10,1
12727,11,11,lactose intolerent,11,1
12746,6,6,Other Dietary Requirement,10,1
12749,2,2,Halal,3,1
12751,2,2,Halal,3,1
12753,2,2,Halal,3,1
12765,2,2,Halal,3,1
12768,11,11,lactose intolerent,11,1
12774,2,2,Halal,3,1
12776,2,2,Halal,3,1
12778,2,2,Halal,3,1
12785,1,1,Vegetarian,1,1
12797,8,8,No Pork,9,1
12801,8,8,No Pork,9,1
12825,1,1,Vegetarian,1,1
12825,2,2,Halal,3,1
12832,2,2,Halal,3,1
12841,2,2,Halal,3,1
12842,2,2,Halal,3,1
12845,2,2,Halal,3,1
12849,1,1,Vegetarian,1,1
12851,2,2,Halal,3,1
12853,2,2,Halal,3,1
12870,4,4,Diabetic,4,1
12879,2,2,Halal,3,1
12884,8,8,No Pork,9,1
12886,2,2,Halal,3,1
12901,2,2,Halal,3,1
12906,1,1,Vegetarian,1,1
12906,2,2,Halal,3,1
12907,4,4,Diabetic,4,1
12911,2,2,Halal,3,1
12913,2,2,Halal,3,1
12914,2,2,Halal,3,1
12925,2,2,Halal,3,1
12931,4,4,Diabetic,4,1
12932,4,4,Diabetic,4,1
12943,8,8,No Pork,9,1
12950,2,2,Halal,3,1
12959,6,6,Other Dietary Requirement,10,1
12966,9,9,Nut Allergy,7,1
12967,2,2,Halal,3,1
12970,9,9,Nut Allergy,7,1
12977,8,8,No Pork,9,1
12990,2,2,Halal,3,1
12994,4,4,Diabetic,4,1
12994,8,8,No Pork,9,1
12996,4,4,Diabetic,4,1
13001,2,2,Halal,3,1
13017,2,2,Halal,3,1
13019,2,2,Halal,3,1
13019,4,4,Diabetic,4,1
13022,2,2,Halal,3,1
13023,2,2,Halal,3,1
13024,2,2,Halal,3,1
13028,2,2,Halal,3,1
13031,2,2,Halal,3,1
13036,2,2,Halal,3,1
13039,2,2,Halal,3,1
13042,2,2,Halal,3,1
13048,9,9,Nut Allergy,7,1
13053,2,2,Halal,3,1
13070,8,8,No Pork,9,1
13070,9,9,Nut Allergy,7,1
13078,4,4,Diabetic,4,1
13081,2,2,Halal,3,1
13093,2,2,Halal,3,1
13100,8,8,No Pork,9,1
13101,1,1,Vegetarian,1,1
13101,2,2,Halal,3,1
13102,2,2,Halal,3,1
13103,2,2,Halal,3,1
13104,2,2,Halal,3,1
13114,2,2,Halal,3,1
13116,2,2,Halal,3,1
13121,9,9,Nut Allergy,7,1
13130,2,2,Halal,3,1
13135,1,1,Vegetarian,1,1
13138,6,6,Other Dietary Requirement,10,1
13141,1,1,Vegetarian,1,1
13147,4,4,Diabetic,4,1
13157,4,4,Diabetic,4,1
13161,2,2,Halal,3,1
13165,2,2,Halal,3,1
13177,2,2,Halal,3,1
13180,2,2,Halal,3,1
13204,2,2,Halal,3,1
13205,4,4,Diabetic,4,1
13206,2,2,Halal,3,1
13223,1,1,Vegetarian,1,1
13223,3,3,Can eat Fish,8,1
13225,2,2,Halal,3,1
13228,2,2,Halal,3,1
13229,2,2,Halal,3,1
13235,9,9,Nut Allergy,7,1
13236,2,2,Halal,3,1
13242,1,1,Vegetarian,1,1
13253,9,9,Nut Allergy,7,1
13263,2,2,Halal,3,1
13265,1,1,Vegetarian,1,1
13269,9,9,Nut Allergy,7,1
13272,2,2,Halal,3,1
13275,1,1,Vegetarian,1,1
13275,3,3,Can eat Fish,8,1
13278,2,2,Halal,3,1
13286,2,2,Halal,3,1
13291,2,2,Halal,3,1
13295,1,1,Vegetarian,1,1
13295,3,3,Can eat Fish,8,1
13295,4,4,Diabetic,4,1
13296,2,2,Halal,3,1
13300,4,4,Diabetic,4,1
13311,2,2,Halal,3,1
13320,4,4,Diabetic,4,1
13331,2,2,Halal,3,1
13332,2,2,Halal,3,1
13333,8,8,No Pork,9,1
13350,2,2,Halal,3,1
13362,2,2,Halal,3,1
13370,6,6,Other Dietary Requirement,10,1
13381,2,2,Halal,3,1
13384,2,2,Halal,3,1
13385,2,2,Halal,3,1
13388,2,2,Halal,3,1
13390,2,2,Halal,3,1
13396,2,2,Halal,3,1
13407,9,9,Nut Allergy,7,1
13415,2,2,Halal,3,1
13416,2,2,Halal,3,1
13417,2,2,Halal,3,1
13419,2,2,Halal,3,1
13422,8,8,No Pork,9,1
13424,2,2,Halal,3,1
13427,4,4,Diabetic,4,1
13437,8,8,No Pork,9,1
13440,9,9,Nut Allergy,7,1
13447,4,4,Diabetic,4,1
13452,2,2,Halal,3,1
13461,2,2,Halal,3,1
13469,1,1,Vegetarian,1,1
13471,6,6,Other Dietary Requirement,10,1
13476,5,5,Gluten Intolerant/coeliac,5,1
13477,4,4,Diabetic,4,1
13483,2,2,Halal,3,1
13484,2,2,Halal,3,1
13485,2,2,Halal,3,1
13486,2,2,Halal,3,1
13499,4,4,Diabetic,4,1
13502,4,4,Diabetic,4,1
13505,1,1,Vegetarian,1,1
13510,4,4,Diabetic,4,1
13517,2,2,Halal,3,1
13519,4,4,Diabetic,4,1
13522,2,2,Halal,3,1
13525,2,2,Halal,3,1
13526,2,2,Halal,3,1
13535,9,9,Nut Allergy,7,1
13538,4,4,Diabetic,4,1
13547,8,8,No Pork,9,1
13548,2,2,Halal,3,1
13550,2,2,Halal,3,1
13551,6,6,Other Dietary Requirement,10,1
13558,1,1,Vegetarian,1,1
13571,2,2,Halal,3,1
13572,2,2,Halal,3,1
13573,2,2,Halal,3,1
13574,2,2,Halal,3,1
13578,2,2,Halal,3,1
13580,8,8,No Pork,9,1
13583,2,2,Halal,3,1
13584,2,2,Halal,3,1
13586,2,2,Halal,3,1
13588,2,2,Halal,3,1
13590,2,2,Halal,3,1
13593,4,4,Diabetic,4,1
13600,2,2,Halal,3,1
13607,12,12,pregnancy,12,1
13611,8,8,No Pork,9,1
13614,4,4,Diabetic,4,1
13619,2,2,Halal,3,1
13620,4,4,Diabetic,4,1
13635,9,9,Nut Allergy,7,1
13645,2,2,Halal,3,1
13650,2,2,Halal,3,1
13653,2,2,Halal,3,1
13655,2,2,Halal,3,1
13660,2,2,Halal,3,1
13666,2,2,Halal,3,1
13672,1,1,Vegetarian,1,1
13683,12,12,pregnancy,12,1
13684,11,11,lactose intolerent,11,1
13687,4,4,Diabetic,4,1
13691,2,2,Halal,3,1
13691,3,3,Can eat Fish,8,1
13694,2,2,Halal,3,1
13702,6,6,Other Dietary Requirement,10,1
13702,9,9,Nut Allergy,7,1
13706,2,2,Halal,3,1
13711,2,2,Halal,3,1
13725,2,2,Halal,3,1
13734,4,4,Diabetic,4,1
13749,1,1,Vegetarian,1,1
13751,2,2,Halal,3,1
13753,6,6,Other Dietary Requirement,10,1
13767,2,2,Halal,3,1
13772,2,2,Halal,3,1
13773,12,12,pregnancy,12,1
13774,4,4,Diabetic,4,1
13776,2,2,Halal,3,1
13776,8,8,No Pork,9,1
13780,2,2,Halal,3,1
13787,1,1,Vegetarian,1,1
13791,2,2,Halal,3,1
13791,8,8,No Pork,9,1
13792,1,1,Vegetarian,1,1
13793,4,4,Diabetic,4,1
13800,2,2,Halal,3,1
13801,2,2,Halal,3,1
13806,2,2,Halal,3,1
13831,1,1,Vegetarian,1,1
13842,2,2,Halal,3,1
13842,3,3,Can eat Fish,8,1
13846,2,2,Halal,3,1
13846,8,8,No Pork,9,1
13847,2,2,Halal,3,1
13849,1,1,Vegetarian,1,1
13852,6,6,Other Dietary Requirement,10,1
13854,12,12,pregnancy,12,1
13865,2,2,Halal,3,1
13872,4,4,Diabetic,4,1
13877,9,9,Nut Allergy,7,1
13881,9,9,Nut Allergy,7,1
13889,4,4,Diabetic,4,1
13892,12,12,pregnancy,12,1
13893,2,2,Halal,3,1
13895,2,2,Halal,3,1
13895,8,8,No Pork,9,1
13905,2,2,Halal,3,1
13907,6,6,Other Dietary Requirement,10,1
13907,11,11,lactose intolerent,11,1
13908,2,2,Halal,3,1
13921,2,2,Halal,3,1
13922,2,2,Halal,3,1
13922,8,8,No Pork,9,1
13923,9,9,Nut Allergy,7,1
13931,1,1,Vegetarian,1,1
13935,1,1,Vegetarian,1,1
13942,1,1,Vegetarian,1,1
13945,6,6,Other Dietary Requirement,10,1
13946,2,2,Halal,3,1
13949,2,2,Halal,3,1
13957,2,2,Halal,3,1
13965,2,2,Halal,3,1
13969,2,2,Halal,3,1
13996,2,2,Halal,3,1
13998,2,2,Halal,3,1
14000,2,2,Halal,3,1
14014,2,2,Halal,3,1
14024,2,2,Halal,3,1
14025,12,12,pregnancy,12,1
14030,2,2,Halal,3,1
14030,8,8,No Pork,9,1
14031,2,2,Halal,3,1
14042,6,6,Other Dietary Requirement,10,1
14043,4,4,Diabetic,4,1
14048,2,2,Halal,3,1
14060,2,2,Halal,3,1
14079,8,8,No Pork,9,1
14083,2,2,Halal,3,1
14085,12,12,pregnancy,12,1
14088,2,2,Halal,3,1
14090,12,12,pregnancy,12,1
14093,4,4,Diabetic,4,1
14108,8,8,No Pork,9,1
14126,11,11,lactose intolerent,11,1
14127,2,2,Halal,3,1
14127,3,3,Can eat Fish,8,1
14131,2,2,Halal,3,1
14131,8,8,No Pork,9,1
14132,2,2,Halal,3,1
14139,8,8,No Pork,9,1
14150,4,4,Diabetic,4,1
14154,2,2,Halal,3,1
14154,8,8,No Pork,9,1
14158,1,1,Vegetarian,1,1
14168,2,2,Halal,3,1
14174,2,2,Halal,3,1
14181,8,8,No Pork,9,1
14186,6,6,Other Dietary Requirement,10,1
14195,2,2,Halal,3,1
14206,2,2,Halal,3,1
14206,8,8,No Pork,9,1
14212,4,4,Diabetic,4,1
14213,2,2,Halal,3,1
14213,8,8,No Pork,9,1
14224,6,6,Other Dietary Requirement,10,1
14242,9,9,Nut Allergy,7,1
14263,2,2,Halal,3,1
14270,1,1,Vegetarian,1,1
14272,2,2,Halal,3,1
14275,1,1,Vegetarian,1,1
14278,5,5,Gluten Intolerant/coeliac,5,1
14280,1,1,Vegetarian,1,1
14281,8,8,No Pork,9,1
14282,2,2,Halal,3,1
14289,2,2,Halal,3,1
14290,4,4,Diabetic,4,1
14299,2,2,Halal,3,1
14305,2,2,Halal,3,1
14308,2,2,Halal,3,1
14308,8,8,No Pork,9,1
14309,2,2,Halal,3,1
14309,3,3,Can eat Fish,8,1
14309,8,8,No Pork,9,1
14313,11,11,lactose intolerent,11,1
14318,1,1,Vegetarian,1,1
14318,5,5,Gluten Intolerant/coeliac,5,1
14318,11,11,lactose intolerent,11,1
14326,6,6,Other Dietary Requirement,10,1
14338,2,2,Halal,3,1
14349,6,6,Other Dietary Requirement,10,1
14349,8,8,No Pork,9,1
14358,11,11,lactose intolerent,11,1
14363,2,2,Halal,3,1
14365,12,12,pregnancy,12,1
14374,4,4,Diabetic,4,1
14377,8,8,No Pork,9,1
14386,2,2,Halal,3,1
14388,2,2,Halal,3,1
14389,9,9,Nut Allergy,7,1
14413,2,2,Halal,3,1
14413,8,8,No Pork,9,1
14417,1,1,Vegetarian,1,1
14419,12,12,pregnancy,12,1
14435,2,2,Halal,3,1
14454,2,2,Halal,3,1
14467,12,12,pregnancy,12,1
14470,8,8,No Pork,9,1
14487,6,6,Other Dietary Requirement,10,1
14500,2,2,Halal,3,1
14501,2,2,Halal,3,1
14506,9,9,Nut Allergy,7,1
14520,2,2,Halal,3,1
14520,8,8,No Pork,9,1
14524,11,11,lactose intolerent,11,1
14525,4,4,Diabetic,4,1
14527,1,1,Vegetarian,1,1
14531,4,4,Diabetic,4,1
14536,1,1,Vegetarian,1,1
14538,2,2,Halal,3,1
14538,8,8,No Pork,9,1
14544,2,2,Halal,3,1
14558,4,4,Diabetic,4,1
14559,2,2,Halal,3,1
14561,2,2,Halal,3,1
14570,6,6,Other Dietary Requirement,10,1
14570,11,11,lactose intolerent,11,1
14575,9,9,Nut Allergy,7,1
14582,2,2,Halal,3,1
14584,8,8,No Pork,9,1
14593,9,9,Nut Allergy,7,1
14600,2,2,Halal,3,1
14601,9,9,Nut Allergy,7,1
14605,2,2,Halal,3,1
14606,2,2,Halal,3,1
14607,2,2,Halal,3,1
14612,2,2,Halal,3,1
14618,6,6,Other Dietary Requirement,10,1
14619,2,2,Halal,3,1
14619,8,8,No Pork,9,1
14626,2,2,Halal,3,1
14626,8,8,No Pork,9,1
14628,1,1,Vegetarian,1,1
14634,2,2,Halal,3,1
14637,2,2,Halal,3,1
14640,2,2,Halal,3,1
14647,2,2,Halal,3,1
14652,4,4,Diabetic,4,1
14653,2,2,Halal,3,1
14658,2,2,Halal,3,1
14661,4,4,Diabetic,4,1
14688,8,8,No Pork,9,1
14689,2,2,Halal,3,1
14692,1,1,Vegetarian,1,1
14702,1,1,Vegetarian,1,1
14703,9,9,Nut Allergy,7,1
14704,2,2,Halal,3,1
14711,4,4,Diabetic,4,1
14718,2,2,Halal,3,1
14720,2,2,Halal,3,1
14725,2,2,Halal,3,1
14730,2,2,Halal,3,1
14743,4,4,Diabetic,4,1
14747,2,2,Halal,3,1
14751,4,4,Diabetic,4,1
14760,2,2,Halal,3,1
14766,2,2,Halal,3,1
14773,12,12,pregnancy,12,1
14788,11,11,lactose intolerent,11,1
14790,8,8,No Pork,9,1
14798,12,12,pregnancy,12,1
14804,2,2,Halal,3,1
14807,9,9,Nut Allergy,7,1
14809,1,1,Vegetarian,1,1
14822,2,2,Halal,3,1
14825,2,2,Halal,3,1
14828,2,2,Halal,3,1
14832,2,2,Halal,3,1
14835,8,8,No Pork,9,1
14836,2,2,Halal,3,1
14860,2,2,Halal,3,1
14866,9,9,Nut Allergy,7,1
14867,2,2,Halal,3,1
14868,1,1,Vegetarian,1,1
14872,2,2,Halal,3,1
14877,1,1,Vegetarian,1,1
14888,2,2,Halal,3,1
14891,2,2,Halal,3,1
14891,8,8,No Pork,9,1
14893,4,4,Diabetic,4,1
14902,8,8,No Pork,9,1
14904,2,2,Halal,3,1
14911,4,4,Diabetic,4,1
14920,4,4,Diabetic,4,1
14924,2,2,Halal,3,1
14936,2,2,Halal,3,1
14942,2,2,Halal,3,1
14943,9,9,Nut Allergy,7,1
14945,4,4,Diabetic,4,1
14946,6,6,Other Dietary Requirement,10,1
14946,8,8,No Pork,9,1
14958,2,2,Halal,3,1
14960,4,4,Diabetic,4,1
14961,2,2,Halal,3,1
14969,2,2,Halal,3,1
14970,2,2,Halal,3,1
14974,2,2,Halal,3,1
14976,2,2,Halal,3,1
14981,2,2,Halal,3,1
14981,4,4,Diabetic,4,1
14985,2,2,Halal,3,1
14992,9,9,Nut Allergy,7,1
14996,2,2,Halal,3,1
14997,2,2,Halal,3,1
15002,4,4,Diabetic,4,1
15003,6,6,Other Dietary Requirement,10,1
15006,4,4,Diabetic,4,1
15008,2,2,Halal,3,1
15018,1,1,Vegetarian,1,1
15023,2,2,Halal,3,1
15027,8,8,No Pork,9,1
15034,12,12,pregnancy,12,1
15042,2,2,Halal,3,1
15043,1,1,Vegetarian,1,1
15044,1,1,Vegetarian,1,1
15064,2,2,Halal,3,1
15068,2,2,Halal,3,1
15072,9,9,Nut Allergy,7,1
15088,2,2,Halal,3,1
15089,2,2,Halal,3,1
15098,11,11,lactose intolerent,11,1
15105,12,12,pregnancy,12,1
15106,6,6,Other Dietary Requirement,10,1
15121,8,8,No Pork,9,1
15126,2,2,Halal,3,1
15127,2,2,Halal,3,1
15129,2,2,Halal,3,1
15134,8,8,No Pork,9,1
15150,1,1,Vegetarian,1,1
15154,6,6,Other Dietary Requirement,10,1
15157,4,4,Diabetic,4,1
15159,2,2,Halal,3,1
15160,2,2,Halal,3,1
15163,11,11,lactose intolerent,11,1
15165,4,4,Diabetic,4,1
15166,7,7,Vegan,2,1
15168,2,2,Halal,3,1
15189,2,2,Halal,3,1
15193,11,11,lactose intolerent,11,1
15196,9,9,Nut Allergy,7,1
15207,8,8,No Pork,9,1
15222,2,2,Halal,3,1
15226,2,2,Halal,3,1
15231,2,2,Halal,3,1
15247,8,8,No Pork,9,1
15250,1,1,Vegetarian,1,1
15261,5,5,Gluten Intolerant/coeliac,5,1
15264,2,2,Halal,3,1
15268,11,11,lactose intolerent,11,1
15270,4,4,Diabetic,4,1
15279,2,2,Halal,3,1
15282,1,1,Vegetarian,1,1
15283,8,8,No Pork,9,1
15287,2,2,Halal,3,1
15289,2,2,Halal,3,1
15296,9,9,Nut Allergy,7,1
15297,2,2,Halal,3,1
15299,2,2,Halal,3,1
15299,4,4,Diabetic,4,1
15304,2,2,Halal,3,1
15305,2,2,Halal,3,1
15306,4,4,Diabetic,4,1
15307,2,2,Halal,3,1
15309,9,9,Nut Allergy,7,1
15313,2,2,Halal,3,1
15326,2,2,Halal,3,1
15327,4,4,Diabetic,4,1
15333,2,2,Halal,3,1
15334,8,8,No Pork,9,1
15335,2,2,Halal,3,1
15339,4,4,Diabetic,4,1
15343,2,2,Halal,3,1
15355,9,9,Nut Allergy,7,1
15357,1,1,Vegetarian,1,1
15360,2,2,Halal,3,1
15369,8,8,No Pork,9,1
15376,12,12,pregnancy,12,1
15378,1,1,Vegetarian,1,1
15382,11,11,lactose intolerent,11,1
15383,2,2,Halal,3,1
15395,1,1,Vegetarian,1,1
15398,2,2,Halal,3,1
15400,11,11,lactose intolerent,11,1
15408,6,6,Other Dietary Requirement,10,1
15409,4,4,Diabetic,4,1
15422,11,11,lactose intolerent,11,1
15424,5,5,Gluten Intolerant/coeliac,5,1
15424,11,11,lactose intolerent,11,1
15426,2,2,Halal,3,1
15428,2,2,Halal,3,1
15431,9,9,Nut Allergy,7,1
15447,4,4,Diabetic,4,1
15451,8,8,No Pork,9,1
15454,2,2,Halal,3,1
15457,4,4,Diabetic,4,1
15461,2,2,Halal,3,1
15462,2,2,Halal,3,1
15464,5,5,Gluten Intolerant/coeliac,5,1
15464,11,11,lactose intolerent,11,1
15466,2,2,Halal,3,1
15468,2,2,Halal,3,1
15472,1,1,Vegetarian,1,1
15478,8,8,No Pork,9,1
15487,1,1,Vegetarian,1,1
15496,8,8,No Pork,9,1
15496,9,9,Nut Allergy,7,1
15500,2,2,Halal,3,1
15501,9,9,Nut Allergy,7,1
15504,4,4,Diabetic,4,1
15514,2,2,Halal,3,1
15514,3,3,Can eat Fish,8,1
15521,11,11,lactose intolerent,11,1
15523,4,4,Diabetic,4,1
15525,8,8,No Pork,9,1
15535,4,4,Diabetic,4,1
15537,2,2,Halal,3,1
15553,2,2,Halal,3,1
15559,4,4,Diabetic,4,1
15561,2,2,Halal,3,1
15564,1,1,Vegetarian,1,1
15565,2,2,Halal,3,1
15567,2,2,Halal,3,1
15567,8,8,No Pork,9,1
15569,2,2,Halal,3,1
15584,8,8,No Pork,9,1
15592,2,2,Halal,3,1
15594,5,5,Gluten Intolerant/coeliac,5,1
15597,8,8,No Pork,9,1
15600,1,1,Vegetarian,1,1
15603,6,6,Other Dietary Requirement,10,1
15605,2,2,Halal,3,1
15611,9,9,Nut Allergy,7,1
15617,9,9,Nut Allergy,7,1
15619,2,2,Halal,3,1
15621,5,5,Gluten Intolerant/coeliac,5,1
15621,11,11,lactose intolerent,11,1
15622,2,2,Halal,3,1
15624,1,1,Vegetarian,1,1
15630,12,12,pregnancy,12,1
15633,2,2,Halal,3,1
15643,6,6,Other Dietary Requirement,10,1
15643,11,11,lactose intolerent,11,1
15656,8,8,No Pork,9,1
15666,2,2,Halal,3,1
15677,2,2,Halal,3,1
15678,4,4,Diabetic,4,1
15681,2,2,Halal,3,1
15686,2,2,Halal,3,1
15688,2,2,Halal,3,1
15690,2,2,Halal,3,1
15701,8,8,No Pork,9,1
15702,2,2,Halal,3,1
15705,2,2,Halal,3,1
15705,8,8,No Pork,9,1
15709,2,2,Halal,3,1
15709,4,4,Diabetic,4,1
15711,9,9,Nut Allergy,7,1
15714,8,8,No Pork,9,1
15720,1,1,Vegetarian,1,1
15721,2,2,Halal,3,1
15722,2,2,Halal,3,1
15725,8,8,No Pork,9,1
15736,1,1,Vegetarian,1,1
15736,7,7,Vegan,2,1
15742,4,4,Diabetic,4,1
15744,2,2,Halal,3,1
15756,2,2,Halal,3,1
15762,2,2,Halal,3,1
15762,3,3,Can eat Fish,8,1
15766,9,9,Nut Allergy,7,1
15775,9,9,Nut Allergy,7,1
15791,9,9,Nut Allergy,7,1
15795,4,4,Diabetic,4,1
15802,12,12,pregnancy,12,1
15810,8,8,No Pork,9,1
15811,1,1,Vegetarian,1,1
15824,3,3,Can eat Fish,8,1
15826,2,2,Halal,3,1
15832,2,2,Halal,3,1
15832,12,12,pregnancy,12,1
15834,2,2,Halal,3,1
15835,8,8,No Pork,9,1
15843,8,8,No Pork,9,1
15844,9,9,Nut Allergy,7,1
15845,5,5,Gluten Intolerant/coeliac,5,1
15854,9,9,Nut Allergy,7,1
15860,4,4,Diabetic,4,1
15871,2,2,Halal,3,1
15878,1,1,Vegetarian,1,1
15895,1,1,Vegetarian,1,1
15899,4,4,Diabetic,4,1
15901,2,2,Halal,3,1
15902,1,1,Vegetarian,1,1
15902,7,7,Vegan,2,1
15903,6,6,Other Dietary Requirement,10,1
15913,2,2,Halal,3,1
15913,3,3,Can eat Fish,8,1
15923,2,2,Halal,3,1
15945,2,2,Halal,3,1
15955,8,8,No Pork,9,1
15957,8,8,No Pork,9,1
15958,2,2,Halal,3,1
15959,2,2,Halal,3,1
15961,8,8,No Pork,9,1
15965,2,2,Halal,3,1
15975,2,2,Halal,3,1
15981,2,2,Halal,3,1
15982,6,6,Other Dietary Requirement,10,1
15984,2,2,Halal,3,1
15997,2,2,Halal,3,1
16007,12,12,pregnancy,12,1
16015,9,9,Nut Allergy,7,1
16019,2,2,Halal,3,1
16019,3,3,Can eat Fish,8,1
16020,8,8,No Pork,9,1
16026,2,2,Halal,3,1
16026,3,3,Can eat Fish,8,1
16031,4,4,Diabetic,4,1
16041,9,9,Nut Allergy,7,1
16044,2,2,Halal,3,1
16048,1,1,Vegetarian,1,1
16053,2,2,Halal,3,1
16054,2,2,Halal,3,1
16055,4,4,Diabetic,4,1
16057,8,8,No Pork,9,1
16060,2,2,Halal,3,1
16060,3,3,Can eat Fish,8,1
16061,8,8,No Pork,9,1
16063,8,8,No Pork,9,1
16090,2,2,Halal,3,1
16090,3,3,Can eat Fish,8,1
16092,8,8,No Pork,9,1
16099,2,2,Halal,3,1
16100,4,4,Diabetic,4,1
16107,2,2,Halal,3,1
16109,1,1,Vegetarian,1,1
16109,2,2,Halal,3,1
16111,2,2,Halal,3,1
16126,9,9,Nut Allergy,7,1
16129,8,8,No Pork,9,1
16140,1,1,Vegetarian,1,1
16141,9,9,Nut Allergy,7,1
16149,2,2,Halal,3,1
16171,1,1,Vegetarian,1,1
16174,2,2,Halal,3,1
16175,2,2,Halal,3,1
16177,4,4,Diabetic,4,1
16185,2,2,Halal,3,1
16186,4,4,Diabetic,4,1
16190,2,2,Halal,3,1
16213,2,2,Halal,3,1
16217,2,2,Halal,3,1
16218,8,8,No Pork,9,1
16223,2,2,Halal,3,1
16223,3,3,Can eat Fish,8,1
16226,2,2,Halal,3,1
16227,8,8,No Pork,9,1
16232,5,5,Gluten Intolerant/coeliac,5,1
16244,5,5,Gluten Intolerant/coeliac,5,1
16253,4,4,Diabetic,4,1
16257,2,2,Halal,3,1
16264,4,4,Diabetic,4,1
16269,6,6,Other Dietary Requirement,10,1
16296,6,6,Other Dietary Requirement,10,1
16298,8,8,No Pork,9,1
16316,4,4,Diabetic,4,1
16321,1,1,Vegetarian,1,1
16325,2,2,Halal,3,1
16325,8,8,No Pork,9,1
16338,2,2,Halal,3,1
16339,4,4,Diabetic,4,1
16342,4,4,Diabetic,4,1
16347,9,9,Nut Allergy,7,1
16354,2,2,Halal,3,1
16358,9,9,Nut Allergy,7,1
16359,9,9,Nut Allergy,7,1
16362,2,2,Halal,3,1
16362,3,3,Can eat Fish,8,1
16369,8,8,No Pork,9,1
16380,9,9,Nut Allergy,7,1
16392,2,2,Halal,3,1
16403,2,2,Halal,3,1
16412,4,4,Diabetic,4,1
16422,2,2,Halal,3,1
16422,8,8,No Pork,9,1
16463,8,8,No Pork,9,1
16467,12,12,pregnancy,12,1
16469,2,2,Halal,3,1
16479,4,4,Diabetic,4,1
16489,4,4,Diabetic,4,1
16490,8,8,No Pork,9,1
16493,2,2,Halal,3,1
16496,2,2,Halal,3,1
16497,1,1,Vegetarian,1,1
16497,2,2,Halal,3,1
16514,1,1,Vegetarian,1,1
16522,9,9,Nut Allergy,7,1
16525,6,6,Other Dietary Requirement,10,1
16526,1,1,Vegetarian,1,1
16529,9,9,Nut Allergy,7,1
16533,1,1,Vegetarian,1,1
16539,1,1,Vegetarian,1,1
16556,1,1,Vegetarian,1,1
16561,2,2,Halal,3,1
16561,8,8,No Pork,9,1
16567,4,4,Diabetic,4,1
16569,9,9,Nut Allergy,7,1
16586,2,2,Halal,3,1
16586,8,8,No Pork,9,1
16597,2,2,Halal,3,1
16600,2,2,Halal,3,1
16603,9,9,Nut Allergy,7,1
16611,2,2,Halal,3,1
16612,2,2,Halal,3,1
16613,8,8,No Pork,9,1
16617,2,2,Halal,3,1
16620,2,2,Halal,3,1
16621,11,11,lactose intolerent,11,1
16633,1,1,Vegetarian,1,1
16633,2,2,Halal,3,1
16640,8,8,No Pork,9,1
16653,2,2,Halal,3,1
16653,4,4,Diabetic,4,1
16658,11,11,lactose intolerent,11,1
16659,9,9,Nut Allergy,7,1
16661,2,2,Halal,3,1
16664,2,2,Halal,3,1
16692,2,2,Halal,3,1
16706,4,4,Diabetic,4,1
16711,1,1,Vegetarian,1,1
16714,2,2,Halal,3,1
16719,2,2,Halal,3,1
16720,1,1,Vegetarian,1,1
16724,2,2,Halal,3,1
16730,2,2,Halal,3,1
16745,2,2,Halal,3,1
16745,4,4,Diabetic,4,1
16747,1,1,Vegetarian,1,1
16747,2,2,Halal,3,1
16753,8,8,No Pork,9,1
16758,2,2,Halal,3,1
16764,1,1,Vegetarian,1,1
16766,4,4,Diabetic,4,1
16771,2,2,Halal,3,1
16779,4,4,Diabetic,4,1
16789,2,2,Halal,3,1
16789,4,4,Diabetic,4,1
16791,9,9,Nut Allergy,7,1
16816,2,2,Halal,3,1
16816,4,4,Diabetic,4,1
16828,1,1,Vegetarian,1,1
16829,2,2,Halal,3,1
16831,2,2,Halal,3,1
16836,4,4,Diabetic,4,1
16839,3,3,Can eat Fish,8,1
16846,2,2,Halal,3,1
16847,4,4,Diabetic,4,1
16857,1,1,Vegetarian,1,1
16866,2,2,Halal,3,1
16870,2,2,Halal,3,1
16873,2,2,Halal,3,1
16878,11,11,lactose intolerent,11,1
16879,8,8,No Pork,9,1
16880,2,2,Halal,3,1
16880,8,8,No Pork,9,1
16882,2,2,Halal,3,1
16882,8,8,No Pork,9,1
16885,2,2,Halal,3,1
16885,3,3,Can eat Fish,8,1
16889,1,1,Vegetarian,1,1
16889,2,2,Halal,3,1
16896,2,2,Halal,3,1
16897,2,2,Halal,3,1
16898,2,2,Halal,3,1
16901,8,8,No Pork,9,1
16909,4,4,Diabetic,4,1
16919,2,2,Halal,3,1
16929,2,2,Halal,3,1
16932,2,2,Halal,3,1
16936,6,6,Other Dietary Requirement,10,1
16936,11,11,lactose intolerent,11,1
16938,2,2,Halal,3,1
16943,4,4,Diabetic,4,1
16961,2,2,Halal,3,1
16965,9,9,Nut Allergy,7,1
16976,2,2,Halal,3,1
16988,2,2,Halal,3,1
16993,2,2,Halal,3,1
17001,2,2,Halal,3,1
17001,8,8,No Pork,9,1
17003,3,3,Can eat Fish,8,1
17004,2,2,Halal,3,1
17005,4,4,Diabetic,4,1
17006,4,4,Diabetic,4,1
17020,8,8,No Pork,9,1
17025,2,2,Halal,3,1
17025,8,8,No Pork,9,1
17029,2,2,Halal,3,1
17030,2,2,Halal,3,1
17032,2,2,Halal,3,1
17034,1,1,Vegetarian,1,1
17038,2,2,Halal,3,1
17039,4,4,Diabetic,4,1
17040,1,1,Vegetarian,1,1
17051,2,2,Halal,3,1
17057,8,8,No Pork,9,1
17061,9,9,Nut Allergy,7,1
17073,8,8,No Pork,9,1
17094,2,2,Halal,3,1
17107,2,2,Halal,3,1
17111,2,2,Halal,3,1
17111,8,8,No Pork,9,1
17113,12,12,pregnancy,12,1
17122,4,4,Diabetic,4,1
17129,4,4,Diabetic,4,1
17130,12,12,pregnancy,12,1
17134,2,2,Halal,3,1
17153,9,9,Nut Allergy,7,1
17164,2,2,Halal,3,1
17165,8,8,No Pork,9,1
17175,2,2,Halal,3,1
17177,2,2,Halal,3,1
17177,8,8,No Pork,9,1
17178,2,2,Halal,3,1
17178,8,8,No Pork,9,1
17187,2,2,Halal,3,1
17190,4,4,Diabetic,4,1
17194,9,9,Nut Allergy,7,1
17207,8,8,No Pork,9,1
17218,4,4,Diabetic,4,1
17221,2,2,Halal,3,1
17258,2,2,Halal,3,1
17261,4,4,Diabetic,4,1
17271,9,9,Nut Allergy,7,1
17282,12,12,pregnancy,12,1
17286,2,2,Halal,3,1
17294,8,8,No Pork,9,1
17309,9,9,Nut Allergy,7,1
17310,1,1,Vegetarian,1,1
17311,9,9,Nut Allergy,7,1
17314,2,2,Halal,3,1
17327,2,2,Halal,3,1
17327,8,8,No Pork,9,1
17335,8,8,No Pork,9,1
17352,4,4,Diabetic,4,1
17364,1,1,Vegetarian,1,1
17379,12,12,pregnancy,12,1
17380,9,9,Nut Allergy,7,1
17386,2,2,Halal,3,1
17386,8,8,No Pork,9,1
17395,9,9,Nut Allergy,7,1
17396,9,9,Nut Allergy,7,1
17402,1,1,Vegetarian,1,1
17416,2,2,Halal,3,1
17422,6,6,Other Dietary Requirement,10,1
17422,8,8,No Pork,9,1
17427,2,2,Halal,3,1
17431,9,9,Nut Allergy,7,1
17441,9,9,Nut Allergy,7,1
17446,2,2,Halal,3,1
17447,2,2,Halal,3,1
17452,8,8,No Pork,9,1
17459,3,3,Can eat Fish,8,1
17477,11,11,lactose intolerent,11,1
17478,8,8,No Pork,9,1
17485,1,1,Vegetarian,1,1
17488,4,4,Diabetic,4,1
17493,9,9,Nut Allergy,7,1
17505,2,2,Halal,3,1
17505,4,4,Diabetic,4,1
17510,2,2,Halal,3,1
17511,4,4,Diabetic,4,1
17513,2,2,Halal,3,1
17513,8,8,No Pork,9,1
17515,2,2,Halal,3,1
17515,3,3,Can eat Fish,8,1
17517,4,4,Diabetic,4,1
17524,2,2,Halal,3,1
17525,4,4,Diabetic,4,1
17535,4,4,Diabetic,4,1
17537,1,1,Vegetarian,1,1
17537,2,2,Halal,3,1
17537,8,8,No Pork,9,1
17544,1,1,Vegetarian,1,1
17553,8,8,No Pork,9,1
17556,8,8,No Pork,9,1
17559,6,6,Other Dietary Requirement,10,1
17572,1,1,Vegetarian,1,1
17574,12,12,pregnancy,12,1
17586,1,1,Vegetarian,1,1
17587,2,2,Halal,3,1
17589,2,2,Halal,3,1
17590,5,5,Gluten Intolerant/coeliac,5,1
17609,9,9,Nut Allergy,7,1
17623,8,8,No Pork,9,1
17625,6,6,Other Dietary Requirement,10,1
17631,2,2,Halal,3,1
17633,2,2,Halal,3,1
17635,2,2,Halal,3,1
17636,2,2,Halal,3,1
17642,2,2,Halal,3,1
17642,8,8,No Pork,9,1
17643,2,2,Halal,3,1
17644,4,4,Diabetic,4,1
17645,4,4,Diabetic,4,1
17646,2,2,Halal,3,1
17647,8,8,No Pork,9,1
17653,2,2,Halal,3,1
17654,1,1,Vegetarian,1,1
17656,2,2,Halal,3,1
17660,9,9,Nut Allergy,7,1
17663,9,9,Nut Allergy,7,1
17667,9,9,Nut Allergy,7,1
17668,2,2,Halal,3,1
17685,9,9,Nut Allergy,7,1
17686,1,1,Vegetarian,1,1
17687,9,9,Nut Allergy,7,1
17689,2,2,Halal,3,1
17693,1,1,Vegetarian,1,1
17702,9,9,Nut Allergy,7,1
17708,8,8,No Pork,9,1
17712,8,8,No Pork,9,1
17731,2,2,Halal,3,1
17732,2,2,Halal,3,1
17735,5,5,Gluten Intolerant/coeliac,5,1
17737,4,4,Diabetic,4,1
17738,2,2,Halal,3,1
17738,4,4,Diabetic,4,1
17739,1,1,Vegetarian,1,1
17746,1,1,Vegetarian,1,1
17749,1,1,Vegetarian,1,1
17760,2,2,Halal,3,1
17760,8,8,No Pork,9,1
17772,4,4,Diabetic,4,1
17774,4,4,Diabetic,4,1
17782,9,9,Nut Allergy,7,1
17785,2,2,Halal,3,1
17787,4,4,Diabetic,4,1
17792,2,2,Halal,3,1
17797,1,1,Vegetarian,1,1
17804,8,8,No Pork,9,1
17805,12,12,pregnancy,12,1
17809,8,8,No Pork,9,1
17811,1,1,Vegetarian,1,1
17814,2,2,Halal,3,1
17815,6,6,Other Dietary Requirement,10,1
17817,2,2,Halal,3,1
17843,4,4,Diabetic,4,1
17844,4,4,Diabetic,4,1
17846,3,3,Can eat Fish,8,1
17847,2,2,Halal,3,1
17851,1,1,Vegetarian,1,1
17854,5,5,Gluten Intolerant/coeliac,5,1
17856,9,9,Nut Allergy,7,1
17863,2,2,Halal,3,1
17864,4,4,Diabetic,4,1
17872,1,1,Vegetarian,1,1
17872,8,8,No Pork,9,1
17873,2,2,Halal,3,1
17875,4,4,Diabetic,4,1
17888,11,11,lactose intolerent,11,1
17895,8,8,No Pork,9,1
17897,2,2,Halal,3,1
17898,4,4,Diabetic,4,1
17899,9,9,Nut Allergy,7,1
17902,2,2,Halal,3,1
17904,2,2,Halal,3,1
17907,2,2,Halal,3,1
17908,4,4,Diabetic,4,1
17914,1,1,Vegetarian,1,1
17914,3,3,Can eat Fish,8,1
17922,4,4,Diabetic,4,1
17923,8,8,No Pork,9,1
17930,8,8,No Pork,9,1
17931,12,12,pregnancy,12,1
17946,5,5,Gluten Intolerant/coeliac,5,1
17948,4,4,Diabetic,4,1
17964,2,2,Halal,3,1
17964,4,4,Diabetic,4,1
17969,2,2,Halal,3,1
17971,2,2,Halal,3,1
17977,1,1,Vegetarian,1,1
17977,9,9,Nut Allergy,7,1
