1591,12,12,Ex-Offender,13,1
1594,12,12,Ex-Offender,13,1
1597,1,1,Drugs,4,1
1611,3,3,Mental Health,8,1
1614,12,12,Ex-Offender,13,1
1615,1,1,Drugs,4,1
1615,3,3,Mental Health,8,1
1621,2,2,Alcohol,1,1
1622,12,12,Ex-Offender,13,1
1623,1,1,Drugs,4,1
1625,1,1,Drugs,4,1
1625,12,12,Ex-Offender,13,1
1630,2,2,Alcohol,1,1
1632,2,2,Alcohol,1,1
1638,1,1,Drugs,4,1
1640,2,2,Alcohol,1,1
1640,12,12,Ex-Offender,13,1
1643,9,9,Physical Health,11,1
1645,10,10,Street worker,12,1
1729,1,1,Drugs,4,1
1737,12,12,Ex-Offender,13,1
1965,1,1,Drugs,4,1
1968,1,1,Drugs,4,1
1968,12,12,Ex-Offender,13,1
2044,1,1,Drugs,4,1
2044,2,2,Alcohol,1,1
2044,10,10,Street worker,12,1
2044,12,12,Ex-Offender,13,1
2068,1,1,Drugs,4,1
2126,1,1,Drugs,4,1
2126,3,3,Mental Health,8,1
2132,1,1,Drugs,4,1
2133,13,13,Asylum Seeker,2,1
2135,1,1,Drugs,4,1
2135,2,2,Alcohol,1,1
2135,3,3,Mental Health,8,1
2138,1,1,Drugs,4,1
2138,2,2,Alcohol,1,1
2140,2,2,Alcohol,1,1
2218,3,3,Mental Health,8,1
2218,9,9,Physical Health,11,1
2220,9,9,Physical Health,11,1
2222,1,1,Drugs,4,1
2222,9,9,Physical Health,11,1
2260,1,1,Drugs,4,1
2440,11,11,Estranged,10,1
2442,1,1,Drugs,4,1
2442,3,3,Mental Health,8,1
2444,12,12,Ex-Offender,13,1
2548,9,9,Physical Health,11,1
2549,1,1,Drugs,4,1
2550,12,12,Ex-Offender,13,1
2551,3,3,Mental Health,8,1
2553,2,2,Alcohol,1,1
2554,4,4,Money Management,9,1
2556,3,3,Mental Health,8,1
2556,12,12,Ex-Offender,13,1
2560,1,1,Drugs,4,1
2560,2,2,Alcohol,1,1
2561,1,1,Drugs,4,1
2561,12,12,Ex-Offender,13,1
2566,13,13,Asylum Seeker,2,1
2569,1,1,Drugs,4,1
2569,12,12,Ex-Offender,13,1
2570,1,1,Drugs,4,1
2571,2,2,Alcohol,1,1
2572,1,1,Drugs,4,1
2719,1,1,Drugs,4,1
2719,2,2,Alcohol,1,1
2723,11,11,Estranged,10,1
2942,12,12,Ex-Offender,13,1
2984,12,12,Ex-Offender,13,1
2995,1,1,Drugs,4,1
2997,9,9,Physical Health,11,1
3001,1,1,Drugs,4,1
3001,12,12,Ex-Offender,13,1
3510,1,1,Drugs,4,1
3511,12,12,Ex-Offender,13,1
3557,12,12,Ex-Offender,13,1
3827,2,2,Alcohol,1,1
4089,2,2,Alcohol,1,1
4089,12,12,Ex-Offender,13,1
4333,1,1,Drugs,4,1
4523,14,14,fleeing domestic violence,14,0
4590,9,9,Physical Health,11,1
4596,3,3,Mental Health,8,1
4630,13,13,Asylum Seeker,2,1
4633,9,9,Physical Health,11,1
4634,14,14,fleeing domestic violence,14,0
4636,13,13,Asylum Seeker,2,1
4652,3,3,Mental Health,8,1
4658,13,13,Asylum Seeker,2,1
4667,13,13,Asylum Seeker,2,1
4670,11,11,Estranged,10,1
4675,9,9,Physical Health,11,1
4696,3,3,Mental Health,8,1
4727,13,13,Asylum Seeker,2,1
4728,13,13,Asylum Seeker,2,1
4736,13,13,Asylum Seeker,2,1
4739,3,3,Mental Health,8,1
4742,1,1,Drugs,4,1
4769,1,1,Drugs,4,1
4772,3,3,Mental Health,8,1
4784,9,9,Physical Health,11,1
4792,13,13,Asylum Seeker,2,1
4798,13,13,Asylum Seeker,2,1
4818,13,13,Asylum Seeker,2,1
4819,13,13,Asylum Seeker,2,1
4829,13,13,Asylum Seeker,2,1
4837,13,13,Asylum Seeker,2,1
4839,11,11,Estranged,10,1
4845,2,2,Alcohol,1,1
4854,3,3,Mental Health,8,1
4859,1,1,Drugs,4,1
4859,2,2,Alcohol,1,1
4865,13,13,Asylum Seeker,2,1
4869,3,3,Mental Health,8,1
4871,3,3,Mental Health,8,1
4872,3,3,Mental Health,8,1
4877,3,3,Mental Health,8,1
4880,1,1,Drugs,4,1
4880,3,3,Mental Health,8,1
4888,3,3,Mental Health,8,1
4888,12,12,Ex-Offender,13,1
4897,3,3,Mental Health,8,1
4915,13,13,Asylum Seeker,2,1
4922,13,13,Asylum Seeker,2,1
4926,13,13,Asylum Seeker,2,1
4929,9,9,Physical Health,11,1
4933,13,13,Asylum Seeker,2,1
4937,13,13,Asylum Seeker,2,1
4939,3,3,Mental Health,8,1
4941,11,11,Estranged,10,1
4949,2,2,Alcohol,1,1
4963,2,2,Alcohol,1,1
4972,3,3,Mental Health,8,1
4993,1,1,Drugs,4,1
4993,2,2,Alcohol,1,1
4995,2,2,Alcohol,1,1
5000,3,3,Mental Health,8,1
5000,8,8,Learning Difficulties,7,1
5004,13,13,Asylum Seeker,2,1
5005,13,13,Asylum Seeker,2,1
5007,13,13,Asylum Seeker,2,1
5015,12,12,Ex-Offender,13,1
5023,13,13,Asylum Seeker,2,1
5029,1,1,Drugs,4,1
5029,2,2,Alcohol,1,1
5029,3,3,Mental Health,8,1
5040,11,11,Estranged,10,1
5043,1,1,Drugs,4,1
5043,3,3,Mental Health,8,1
5045,1,1,Drugs,4,1
5049,3,3,Mental Health,8,1
5053,1,1,Drugs,4,1
5057,9,9,Physical Health,11,1
5061,11,11,Estranged,10,1
5066,1,1,Drugs,4,1
5070,1,1,Drugs,4,1
5070,2,2,Alcohol,1,1
5073,9,9,Physical Health,11,1
5075,1,1,Drugs,4,1
5077,11,11,Estranged,10,1
5085,13,13,Asylum Seeker,2,1
5088,11,11,Estranged,10,1
5089,1,1,Drugs,4,1
5089,2,2,Alcohol,1,1
5099,11,11,Estranged,10,1
5102,15,15,Street Homeless,15,1
5104,3,3,Mental Health,8,1
5118,13,13,Asylum Seeker,2,1
5123,13,13,Asylum Seeker,2,1
5125,3,3,Mental Health,8,1
5131,9,9,Physical Health,11,1
5136,13,13,Asylum Seeker,2,1
5140,13,13,Asylum Seeker,2,1
5147,15,15,Street Homeless,15,1
5150,13,13,Asylum Seeker,2,1
5155,2,2,Alcohol,1,1
5174,3,3,Mental Health,8,1
5175,1,1,Drugs,4,1
5187,9,9,Physical Health,11,1
5188,1,1,Drugs,4,1
5189,1,1,Drugs,4,1
5191,3,3,Mental Health,8,1
5213,13,13,Asylum Seeker,2,1
5215,13,13,Asylum Seeker,2,1
5217,13,13,Asylum Seeker,2,1
5227,13,13,Asylum Seeker,2,1
5241,3,3,Mental Health,8,1
5256,3,3,Mental Health,8,1
5262,1,1,Drugs,4,1
5268,2,2,Alcohol,1,1
5272,2,2,Alcohol,1,1
5301,3,3,Mental Health,8,1
5309,3,3,Mental Health,8,1
5311,3,3,Mental Health,8,1
5329,1,1,Drugs,4,1
5330,13,13,Asylum Seeker,2,1
5332,2,2,Alcohol,1,1
5338,3,3,Mental Health,8,1
5339,13,13,Asylum Seeker,2,1
5360,12,12,Ex-Offender,13,1
5363,9,9,Physical Health,11,1
5372,3,3,Mental Health,8,1
5384,1,1,Drugs,4,1
5384,2,2,Alcohol,1,1
5389,1,1,Drugs,4,1
5393,12,12,Ex-Offender,13,1
5431,8,8,Learning Difficulties,7,1
5434,2,2,Alcohol,1,1
5448,12,12,Ex-Offender,13,1
5458,13,13,Asylum Seeker,2,1
5460,1,1,Drugs,4,1
5463,13,13,Asylum Seeker,2,1
5464,2,2,Alcohol,1,1
5466,13,13,Asylum Seeker,2,1
5467,13,13,Asylum Seeker,2,1
5468,2,2,Alcohol,1,1
5469,13,13,Asylum Seeker,2,1
5478,3,3,Mental Health,8,1
5499,3,3,Mental Health,8,1
5507,1,1,Drugs,4,1
5511,2,2,Alcohol,1,1
5511,9,9,Physical Health,11,1
5517,13,13,Asylum Seeker,2,1
5519,1,1,Drugs,4,1
5525,3,3,Mental Health,8,1
5535,3,3,Mental Health,8,1
5541,3,3,Mental Health,8,1
5543,3,3,Mental Health,8,1
5545,11,11,Estranged,10,1
5549,3,3,Mental Health,8,1
5550,12,12,Ex-Offender,13,1
5557,3,3,Mental Health,8,1
5559,1,1,Drugs,4,1
5562,12,12,Ex-Offender,13,1
5564,3,3,Mental Health,8,1
5579,3,3,Mental Health,8,1
5580,9,9,Physical Health,11,1
5589,12,12,Ex-Offender,13,1
5598,2,2,Alcohol,1,1
5608,13,13,Asylum Seeker,2,1
5615,1,1,Drugs,4,1
5617,1,1,Drugs,4,1
5621,12,12,Ex-Offender,13,1
5623,1,1,Drugs,4,1
5628,3,3,Mental Health,8,1
5630,1,1,Drugs,4,1
5648,3,3,Mental Health,8,1
5653,13,13,Asylum Seeker,2,1
5654,3,3,Mental Health,8,1
5655,3,3,Mental Health,8,1
5655,9,9,Physical Health,11,1
5667,13,13,Asylum Seeker,2,1
5676,1,1,Drugs,4,1
5676,3,3,Mental Health,8,1
5687,9,9,Physical Health,11,1
5690,2,2,Alcohol,1,1
5691,13,13,Asylum Seeker,2,1
5692,13,13,Asylum Seeker,2,1
5718,3,3,Mental Health,8,1
5720,12,12,Ex-Offender,13,1
5727,1,1,Drugs,4,1
5730,15,15,Street Homeless,15,1
5733,13,13,Asylum Seeker,2,1
5734,13,13,Asylum Seeker,2,1
5736,13,13,Asylum Seeker,2,1
5738,15,15,Street Homeless,15,1
5744,2,2,Alcohol,1,1
5744,3,3,Mental Health,8,1
5745,3,3,Mental Health,8,1
5755,13,13,Asylum Seeker,2,1
5763,1,1,Drugs,4,1
5766,9,9,Physical Health,11,1
5767,2,2,Alcohol,1,1
5770,3,3,Mental Health,8,1
5774,13,13,Asylum Seeker,2,1
5776,9,9,Physical Health,11,1
5777,3,3,Mental Health,8,1
5779,9,9,Physical Health,11,1
5786,3,3,Mental Health,8,1
5786,9,9,Physical Health,11,1
5787,1,1,Drugs,4,1
5789,2,2,Alcohol,1,1
5789,3,3,Mental Health,8,1
5793,9,9,Physical Health,11,1
5797,1,1,Drugs,4,1
5801,9,9,Physical Health,11,1
5803,9,9,Physical Health,11,1
5804,3,3,Mental Health,8,1
5807,1,1,Drugs,4,1
5809,2,2,Alcohol,1,1
5811,11,11,Estranged,10,1
5812,12,12,Ex-Offender,13,1
5820,12,12,Ex-Offender,13,1
5825,3,3,Mental Health,8,1
5828,3,3,Mental Health,8,1
5834,13,13,Asylum Seeker,2,1
5838,3,3,Mental Health,8,1
5843,2,2,Alcohol,1,1
5859,13,13,Asylum Seeker,2,1
5860,13,13,Asylum Seeker,2,1
5861,13,13,Asylum Seeker,2,1
5862,2,2,Alcohol,1,1
5867,3,3,Mental Health,8,1
5868,3,3,Mental Health,8,1
5873,13,13,Asylum Seeker,2,1
5874,13,13,Asylum Seeker,2,1
5881,13,13,Asylum Seeker,2,1
5883,3,3,Mental Health,8,1
5891,3,3,Mental Health,8,1
5892,3,3,Mental Health,8,1
5894,3,3,Mental Health,8,1
5900,9,9,Physical Health,11,1
5909,12,12,Ex-Offender,13,1
5910,12,12,Ex-Offender,13,1
5913,11,11,Estranged,10,1
5919,3,3,Mental Health,8,1
5920,9,9,Physical Health,11,1
5932,3,3,Mental Health,8,1
5938,3,3,Mental Health,8,1
5943,12,12,Ex-Offender,13,1
5945,3,3,Mental Health,8,1
5950,13,13,Asylum Seeker,2,1
5954,3,3,Mental Health,8,1
5954,9,9,Physical Health,11,1
5956,3,3,Mental Health,8,1
5960,13,13,Asylum Seeker,2,1
5961,3,3,Mental Health,8,1
5966,1,1,Drugs,4,1
5968,1,1,Drugs,4,1
5974,3,3,Mental Health,8,1
5975,9,9,Physical Health,11,1
5977,1,1,Drugs,4,1
5983,1,1,Drugs,4,1
5984,7,7,Gambling,5,1
5991,13,13,Asylum Seeker,2,1
5992,13,13,Asylum Seeker,2,1
5993,13,13,Asylum Seeker,2,1
6003,13,13,Asylum Seeker,2,1
6006,3,3,Mental Health,8,1
6017,9,9,Physical Health,11,1
6018,2,2,Alcohol,1,1
6021,9,9,Physical Health,11,1
6023,13,13,Asylum Seeker,2,1
6024,8,8,Learning Difficulties,7,1
6030,3,3,Mental Health,8,1
6033,11,11,Estranged,10,1
6039,9,9,Physical Health,11,1
6046,1,1,Drugs,4,1
6049,1,1,Drugs,4,1
6050,13,13,Asylum Seeker,2,1
6052,13,13,Asylum Seeker,2,1
6058,3,3,Mental Health,8,1
6064,3,3,Mental Health,8,1
6064,9,9,Physical Health,11,1
6067,2,2,Alcohol,1,1
6073,1,1,Drugs,4,1
6077,13,13,Asylum Seeker,2,1
6080,3,3,Mental Health,8,1
6084,7,7,Gambling,5,1
6085,13,13,Asylum Seeker,2,1
6087,1,1,Drugs,4,1
6097,8,8,Learning Difficulties,7,1
6097,11,11,Estranged,10,1
6103,1,1,Drugs,4,1
6110,8,8,Learning Difficulties,7,1
6112,3,3,Mental Health,8,1
6115,2,2,Alcohol,1,1
6117,1,1,Drugs,4,1
6131,12,12,Ex-Offender,13,1
6137,11,11,Estranged,10,1
6141,11,11,Estranged,10,1
6148,13,13,Asylum Seeker,2,1
6169,13,13,Asylum Seeker,2,1
6173,3,3,Mental Health,8,1
6175,2,2,Alcohol,1,1
6176,2,2,Alcohol,1,1
6177,13,13,Asylum Seeker,2,1
6179,13,13,Asylum Seeker,2,1
6182,9,9,Physical Health,11,1
6186,2,2,Alcohol,1,1
6199,13,13,Asylum Seeker,2,1
6200,13,13,Asylum Seeker,2,1
6201,13,13,Asylum Seeker,2,1
6204,3,3,Mental Health,8,1
6206,12,12,Ex-Offender,13,1
6208,9,9,Physical Health,11,1
6213,4,4,Money Management,9,1
6214,11,11,Estranged,10,1
6218,3,3,Mental Health,8,1
6220,1,1,Drugs,4,1
6223,12,12,Ex-Offender,13,1
6226,2,2,Alcohol,1,1
6230,1,1,Drugs,4,1
6232,9,9,Physical Health,11,1
6234,1,1,Drugs,4,1
6234,2,2,Alcohol,1,1
6244,9,9,Physical Health,11,1
6253,3,3,Mental Health,8,1
6260,3,3,Mental Health,8,1
6261,2,2,Alcohol,1,1
6274,1,1,Drugs,4,1
6278,12,12,Ex-Offender,13,1
6279,1,1,Drugs,4,1
6283,2,2,Alcohol,1,1
6284,13,13,Asylum Seeker,2,1
6286,13,13,Asylum Seeker,2,1
6292,3,3,Mental Health,8,1
6292,8,8,Learning Difficulties,7,1
6295,9,9,Physical Health,11,1
6310,13,13,Asylum Seeker,2,1
6311,13,13,Asylum Seeker,2,1
6318,2,2,Alcohol,1,1
6319,13,13,Asylum Seeker,2,1
6325,3,3,Mental Health,8,1
6338,13,13,Asylum Seeker,2,1
6339,13,13,Asylum Seeker,2,1
6340,13,13,Asylum Seeker,2,1
6352,13,13,Asylum Seeker,2,1
6360,12,12,Ex-Offender,13,1
6376,3,3,Mental Health,8,1
6377,13,13,Asylum Seeker,2,1
6380,1,1,Drugs,4,1
6382,13,13,Asylum Seeker,2,1
6383,13,13,Asylum Seeker,2,1
6401,3,3,Mental Health,8,1
6415,9,9,Physical Health,11,1
6423,3,3,Mental Health,8,1
6424,9,9,Physical Health,11,1
6435,3,3,Mental Health,8,1
6443,12,12,Ex-Offender,13,1
6446,2,2,Alcohol,1,1
6449,1,1,Drugs,4,1
6465,9,9,Physical Health,11,1
6470,3,3,Mental Health,8,1
6476,13,13,Asylum Seeker,2,1
6484,2,2,Alcohol,1,1
6485,3,3,Mental Health,8,1
6487,13,13,Asylum Seeker,2,1
6489,9,9,Physical Health,11,1
6492,9,9,Physical Health,11,1
6514,13,13,Asylum Seeker,2,1
6520,1,1,Drugs,4,1
6523,8,8,Learning Difficulties,7,1
6534,9,9,Physical Health,11,1
6535,9,9,Physical Health,11,1
6538,9,9,Physical Health,11,1
6539,9,9,Physical Health,11,1
6539,13,13,Asylum Seeker,2,1
6542,13,13,Asylum Seeker,2,1
6543,13,13,Asylum Seeker,2,1
6547,1,1,Drugs,4,1
6557,9,9,Physical Health,11,1
6565,1,1,Drugs,4,1
6570,9,9,Physical Health,11,1
6574,3,3,Mental Health,8,1
6581,3,3,Mental Health,8,1
6581,9,9,Physical Health,11,1
6588,13,13,Asylum Seeker,2,1
6589,4,4,Money Management,9,1
6591,9,9,Physical Health,11,1
6597,3,3,Mental Health,8,1
6600,13,13,Asylum Seeker,2,1
6601,11,11,Estranged,10,1
6602,1,1,Drugs,4,1
6602,15,15,Street Homeless,15,1
6605,9,9,Physical Health,11,1
6608,13,13,Asylum Seeker,2,1
6615,11,11,Estranged,10,1
6625,13,13,Asylum Seeker,2,1
6627,1,1,Drugs,4,1
6632,9,9,Physical Health,11,1
6642,11,11,Estranged,10,1
6646,3,3,Mental Health,8,1
6654,3,3,Mental Health,8,1
6659,2,2,Alcohol,1,1
6659,3,3,Mental Health,8,1
6662,3,3,Mental Health,8,1
6664,3,3,Mental Health,8,1
6669,9,9,Physical Health,11,1
6675,12,12,Ex-Offender,13,1
6676,9,9,Physical Health,11,1
6683,13,13,Asylum Seeker,2,1
6692,3,3,Mental Health,8,1
6694,13,13,Asylum Seeker,2,1
6697,13,13,Asylum Seeker,2,1
6710,2,2,Alcohol,1,1
6711,12,12,Ex-Offender,13,1
6713,1,1,Drugs,4,1
6721,3,3,Mental Health,8,1
6722,1,1,Drugs,4,1
6722,2,2,Alcohol,1,1
6723,13,13,Asylum Seeker,2,1
6724,1,1,Drugs,4,1
6728,13,13,Asylum Seeker,2,1
6729,13,13,Asylum Seeker,2,1
6730,13,13,Asylum Seeker,2,1
6734,3,3,Mental Health,8,1
6736,1,1,Drugs,4,1
6743,1,1,Drugs,4,1
6744,4,4,Money Management,9,1
6760,3,3,Mental Health,8,1
6764,12,12,Ex-Offender,13,1
6766,12,12,Ex-Offender,13,1
6768,9,9,Physical Health,11,1
6768,16,16,Refugee,16,1
6769,1,1,Drugs,4,1
6772,9,9,Physical Health,11,1
6775,1,1,Drugs,4,1
6789,13,13,Asylum Seeker,2,1
6794,13,13,Asylum Seeker,2,1
6797,13,13,Asylum Seeker,2,1
6798,11,11,Estranged,10,1
6799,3,3,Mental Health,8,1
6800,3,3,Mental Health,8,1
6819,1,1,Drugs,4,1
6819,2,2,Alcohol,1,1
6820,1,1,Drugs,4,1
6821,3,3,Mental Health,8,1
6827,9,9,Physical Health,11,1
6830,3,3,Mental Health,8,1
6830,9,9,Physical Health,11,1
6831,1,1,Drugs,4,1
6843,4,4,Money Management,9,1
6843,8,8,Learning Difficulties,7,1
6853,9,9,Physical Health,11,1
6856,12,12,Ex-Offender,13,1
6857,3,3,Mental Health,8,1
6863,1,1,Drugs,4,1
6863,2,2,Alcohol,1,1
6874,12,12,Ex-Offender,13,1
6877,12,12,Ex-Offender,13,1
6878,3,3,Mental Health,8,1
6884,13,13,Asylum Seeker,2,1
6890,13,13,Asylum Seeker,2,1
6893,3,3,Mental Health,8,1
6894,1,1,Drugs,4,1
6894,3,3,Mental Health,8,1
6897,3,3,Mental Health,8,1
6902,13,13,Asylum Seeker,2,1
6906,13,13,Asylum Seeker,2,1
6907,3,3,Mental Health,8,1
6908,13,13,Asylum Seeker,2,1
6909,13,13,Asylum Seeker,2,1
6911,12,12,Ex-Offender,13,1
6912,1,1,Drugs,4,1
6924,3,3,Mental Health,8,1
6928,3,3,Mental Health,8,1
6940,12,12,Ex-Offender,13,1
6943,9,9,Physical Health,11,1
6944,9,9,Physical Health,11,1
6952,13,13,Asylum Seeker,2,1
6956,13,13,Asylum Seeker,2,1
6963,3,3,Mental Health,8,1
6967,3,3,Mental Health,8,1
6971,9,9,Physical Health,11,1
6979,3,3,Mental Health,8,1
6982,13,13,Asylum Seeker,2,1
6984,12,12,Ex-Offender,13,1
6987,1,1,Drugs,4,1
6990,1,1,Drugs,4,1
7002,13,13,Asylum Seeker,2,1
7003,13,13,Asylum Seeker,2,1
7004,13,13,Asylum Seeker,2,1
7008,3,3,Mental Health,8,1
7010,3,3,Mental Health,8,1
7014,9,9,Physical Health,11,1
7014,13,13,Asylum Seeker,2,1
7020,2,2,Alcohol,1,1
7027,3,3,Mental Health,8,1
7033,2,2,Alcohol,1,1
7034,9,9,Physical Health,11,1
7038,3,3,Mental Health,8,1
7041,3,3,Mental Health,8,1
7043,13,13,Asylum Seeker,2,1
7054,3,3,Mental Health,8,1
7055,3,3,Mental Health,8,1
7057,11,11,Estranged,10,1
7067,1,1,Drugs,4,1
7070,9,9,Physical Health,11,1
7071,3,3,Mental Health,8,1
7074,9,9,Physical Health,11,1
7079,3,3,Mental Health,8,1
7079,9,9,Physical Health,11,1
7085,3,3,Mental Health,8,1
7088,13,13,Asylum Seeker,2,1
7098,9,9,Physical Health,11,1
7109,2,2,Alcohol,1,1
7119,9,9,Physical Health,11,1
7137,9,9,Physical Health,11,1
7138,3,3,Mental Health,8,1
7150,13,13,Asylum Seeker,2,1
7152,9,9,Physical Health,11,1
7155,13,13,Asylum Seeker,2,1
7159,1,1,Drugs,4,1
7175,3,3,Mental Health,8,1
7176,11,11,Estranged,10,1
7178,9,9,Physical Health,11,1
7181,3,3,Mental Health,8,1
7182,3,3,Mental Health,8,1
7185,9,9,Physical Health,11,1
7188,4,4,Money Management,9,1
7192,4,4,Money Management,9,1
7206,2,2,Alcohol,1,1
7207,1,1,Drugs,4,1
7214,9,9,Physical Health,11,1
7215,2,2,Alcohol,1,1
7217,1,1,Drugs,4,1
7224,9,9,Physical Health,11,1
7232,13,13,Asylum Seeker,2,1
7242,13,13,Asylum Seeker,2,1
7252,1,1,Drugs,4,1
7254,3,3,Mental Health,8,1
7255,13,13,Asylum Seeker,2,1
7256,12,12,Ex-Offender,13,1
7257,13,13,Asylum Seeker,2,1
7258,13,13,Asylum Seeker,2,1
7267,1,1,Drugs,4,1
7271,3,3,Mental Health,8,1
7271,12,12,Ex-Offender,13,1
7274,3,3,Mental Health,8,1
7279,9,9,Physical Health,11,1
7284,1,1,Drugs,4,1
7293,13,13,Asylum Seeker,2,1
7302,1,1,Drugs,4,1
7303,3,3,Mental Health,8,1
7308,1,1,Drugs,4,1
7308,2,2,Alcohol,1,1
7309,13,13,Asylum Seeker,2,1
7322,13,13,Asylum Seeker,2,1
7324,13,13,Asylum Seeker,2,1
7336,11,11,Estranged,10,1
7343,13,13,Asylum Seeker,2,1
7344,13,13,Asylum Seeker,2,1
7349,13,13,Asylum Seeker,2,1
7354,3,3,Mental Health,8,1
7355,8,8,Learning Difficulties,7,1
7364,12,12,Ex-Offender,13,1
7378,9,9,Physical Health,11,1
7385,12,12,Ex-Offender,13,1
7386,3,3,Mental Health,8,1
7396,13,13,Asylum Seeker,2,1
7398,13,13,Asylum Seeker,2,1
7399,13,13,Asylum Seeker,2,1
7402,13,13,Asylum Seeker,2,1
7404,13,13,Asylum Seeker,2,1
7407,12,12,Ex-Offender,13,1
7417,12,12,Ex-Offender,13,1
7424,13,13,Asylum Seeker,2,1
7425,13,13,Asylum Seeker,2,1
7426,4,4,Money Management,9,1
7426,11,11,Estranged,10,1
7427,13,13,Asylum Seeker,2,1
7432,11,11,Estranged,10,1
7435,1,1,Drugs,4,1
7437,11,11,Estranged,10,1
7441,3,3,Mental Health,8,1
7443,1,1,Drugs,4,1
7459,3,3,Mental Health,8,1
7478,3,3,Mental Health,8,1
7479,1,1,Drugs,4,1
7495,13,13,Asylum Seeker,2,1
7496,13,13,Asylum Seeker,2,1
7497,13,13,Asylum Seeker,2,1
7498,2,2,Alcohol,1,1
7498,12,12,Ex-Offender,13,1
7500,3,3,Mental Health,8,1
7506,12,12,Ex-Offender,13,1
7513,2,2,Alcohol,1,1
7517,3,3,Mental Health,8,1
7518,3,3,Mental Health,8,1
7519,4,4,Money Management,9,1
7526,2,2,Alcohol,1,1
7526,9,9,Physical Health,11,1
7530,2,2,Alcohol,1,1
7532,16,16,Refugee,16,1
7535,3,3,Mental Health,8,1
7540,1,1,Drugs,4,1
7542,3,3,Mental Health,8,1
7545,1,1,Drugs,4,1
7549,1,1,Drugs,4,1
7561,9,9,Physical Health,11,1
7569,9,9,Physical Health,11,1
7573,2,2,Alcohol,1,1
7579,15,15,Street Homeless,15,1
7585,13,13,Asylum Seeker,2,1
7591,13,13,Asylum Seeker,2,1
7596,13,13,Asylum Seeker,2,1
7603,11,11,Estranged,10,1
7605,9,9,Physical Health,11,1
7607,9,9,Physical Health,11,1
7616,13,13,Asylum Seeker,2,1
7619,9,9,Physical Health,11,1
7624,15,15,Street Homeless,15,1
7630,3,3,Mental Health,8,1
7635,2,2,Alcohol,1,1
7643,3,3,Mental Health,8,1
7643,9,9,Physical Health,11,1
7644,2,2,Alcohol,1,1
7648,3,3,Mental Health,8,1
7654,9,9,Physical Health,11,1
7659,13,13,Asylum Seeker,2,1
7665,13,13,Asylum Seeker,2,1
7669,13,13,Asylum Seeker,2,1
7674,9,9,Physical Health,11,1
7678,13,13,Asylum Seeker,2,1
7682,3,3,Mental Health,8,1
7689,12,12,Ex-Offender,13,1
7696,3,3,Mental Health,8,1
7706,1,1,Drugs,4,1
7708,15,15,Street Homeless,15,1
7713,3,3,Mental Health,8,1
7716,12,12,Ex-Offender,13,1
7721,3,3,Mental Health,8,1
7722,3,3,Mental Health,8,1
7722,11,11,Estranged,10,1
7725,12,12,Ex-Offender,13,1
7732,8,8,Learning Difficulties,7,1
7734,1,1,Drugs,4,1
7735,8,8,Learning Difficulties,7,1
7737,9,9,Physical Health,11,1
7740,2,2,Alcohol,1,1
7746,3,3,Mental Health,8,1
7746,15,15,Street Homeless,15,1
7747,1,1,Drugs,4,1
7748,1,1,Drugs,4,1
7762,1,1,Drugs,4,1
7762,3,3,Mental Health,8,1
7764,13,13,Asylum Seeker,2,1
7775,13,13,Asylum Seeker,2,1
7783,3,3,Mental Health,8,1
7787,3,3,Mental Health,8,1
7789,1,1,Drugs,4,1
7789,2,2,Alcohol,1,1
7789,12,12,Ex-Offender,13,1
7792,3,3,Mental Health,8,1
7794,4,4,Money Management,9,1
7814,3,3,Mental Health,8,1
7815,12,12,Ex-Offender,13,1
7823,2,2,Alcohol,1,1
7823,9,9,Physical Health,11,1
7828,2,2,Alcohol,1,1
7831,9,9,Physical Health,11,1
7832,3,3,Mental Health,8,1
7835,8,8,Learning Difficulties,7,1
7837,3,3,Mental Health,8,1
7848,3,3,Mental Health,8,1
7852,13,13,Asylum Seeker,2,1
7853,13,13,Asylum Seeker,2,1
7854,13,13,Asylum Seeker,2,1
7859,13,13,Asylum Seeker,2,1
7860,3,3,Mental Health,8,1
7867,8,8,Learning Difficulties,7,1
7870,3,3,Mental Health,8,1
7871,3,3,Mental Health,8,1
7872,9,9,Physical Health,11,1
7872,13,13,Asylum Seeker,2,1
7876,12,12,Ex-Offender,13,1
7880,3,3,Mental Health,8,1
7886,9,9,Physical Health,11,1
7889,3,3,Mental Health,8,1
7891,3,3,Mental Health,8,1
7894,9,9,Physical Health,11,1
7895,2,2,Alcohol,1,1
7900,3,3,Mental Health,8,1
7924,1,1,Drugs,4,1
7937,9,9,Physical Health,11,1
7944,13,13,Asylum Seeker,2,1
7959,13,13,Asylum Seeker,2,1
7964,3,3,Mental Health,8,1
7966,3,3,Mental Health,8,1
7968,3,3,Mental Health,8,1
7971,1,1,Drugs,4,1
7971,2,2,Alcohol,1,1
7973,15,15,Street Homeless,15,1
7978,3,3,Mental Health,8,1
7979,1,1,Drugs,4,1
7980,13,13,Asylum Seeker,2,1
7983,11,11,Estranged,10,1
7988,11,11,Estranged,10,1
8010,9,9,Physical Health,11,1
8011,12,12,Ex-Offender,13,1
8028,3,3,Mental Health,8,1
8029,9,9,Physical Health,11,1
8034,9,9,Physical Health,11,1
8042,9,9,Physical Health,11,1
8043,13,13,Asylum Seeker,2,1
8044,3,3,Mental Health,8,1
8050,13,13,Asylum Seeker,2,1
8051,13,13,Asylum Seeker,2,1
8063,12,12,Ex-Offender,13,1
8064,13,13,Asylum Seeker,2,1
8068,9,9,Physical Health,11,1
8068,13,13,Asylum Seeker,2,1
8077,1,1,Drugs,4,1
8077,3,3,Mental Health,8,1
8080,13,13,Asylum Seeker,2,1
8084,3,3,Mental Health,8,1
8092,12,12,Ex-Offender,13,1
8098,1,1,Drugs,4,1
8102,11,11,Estranged,10,1
8105,15,15,Street Homeless,15,1
8115,13,13,Asylum Seeker,2,1
8117,9,9,Physical Health,11,1
8125,13,13,Asylum Seeker,2,1
8128,1,1,Drugs,4,1
8128,2,2,Alcohol,1,1
8130,13,13,Asylum Seeker,2,1
8133,11,11,Estranged,10,1
8136,13,13,Asylum Seeker,2,1
8137,13,13,Asylum Seeker,2,1
8155,1,1,Drugs,4,1
8161,12,12,Ex-Offender,13,1
8162,3,3,Mental Health,8,1
8171,12,12,Ex-Offender,13,1
8173,13,13,Asylum Seeker,2,1
8174,3,3,Mental Health,8,1
8178,1,1,Drugs,4,1
8189,3,3,Mental Health,8,1
8190,3,3,Mental Health,8,1
8199,9,9,Physical Health,11,1
8204,3,3,Mental Health,8,1
8207,9,9,Physical Health,11,1
8210,3,3,Mental Health,8,1
8215,3,3,Mental Health,8,1
8216,13,13,Asylum Seeker,2,1
8218,13,13,Asylum Seeker,2,1
8220,3,3,Mental Health,8,1
8222,13,13,Asylum Seeker,2,1
8223,3,3,Mental Health,8,1
8226,1,1,Drugs,4,1
8228,1,1,Drugs,4,1
8228,3,3,Mental Health,8,1
8228,9,9,Physical Health,11,1
8234,9,9,Physical Health,11,1
8236,13,13,Asylum Seeker,2,1
8237,3,3,Mental Health,8,1
8238,13,13,Asylum Seeker,2,1
8243,12,12,Ex-Offender,13,1
8250,3,3,Mental Health,8,1
8273,9,9,Physical Health,11,1
8275,2,2,Alcohol,1,1
8282,12,12,Ex-Offender,13,1
8287,3,3,Mental Health,8,1
8289,9,9,Physical Health,11,1
8290,3,3,Mental Health,8,1
8291,9,9,Physical Health,11,1
8292,9,9,Physical Health,11,1
8301,2,2,Alcohol,1,1
8303,13,13,Asylum Seeker,2,1
8308,13,13,Asylum Seeker,2,1
8309,15,15,Street Homeless,15,1
8310,2,2,Alcohol,1,1
8311,3,3,Mental Health,8,1
8312,13,13,Asylum Seeker,2,1
8314,2,2,Alcohol,1,1
8317,3,3,Mental Health,8,1
8318,16,16,Refugee,16,1
8320,13,13,Asylum Seeker,2,1
8322,13,13,Asylum Seeker,2,1
8327,13,13,Asylum Seeker,2,1
8328,3,3,Mental Health,8,1
8332,9,9,Physical Health,11,1
8339,13,13,Asylum Seeker,2,1
8342,3,3,Mental Health,8,1
8349,9,9,Physical Health,11,1
8365,3,3,Mental Health,8,1
8374,13,13,Asylum Seeker,2,1
8377,3,3,Mental Health,8,1
8378,13,13,Asylum Seeker,2,1
8378,15,15,Street Homeless,15,1
8379,3,3,Mental Health,8,1
8379,13,13,Asylum Seeker,2,1
8383,13,13,Asylum Seeker,2,1
8387,13,13,Asylum Seeker,2,1
8391,3,3,Mental Health,8,1
8391,9,9,Physical Health,11,1
8397,13,13,Asylum Seeker,2,1
8399,2,2,Alcohol,1,1
8404,12,12,Ex-Offender,13,1
8413,13,13,Asylum Seeker,2,1
8415,13,13,Asylum Seeker,2,1
8425,3,3,Mental Health,8,1
8433,3,3,Mental Health,8,1
8433,9,9,Physical Health,11,1
8435,3,3,Mental Health,8,1
8440,13,13,Asylum Seeker,2,1
8448,9,9,Physical Health,11,1
8450,2,2,Alcohol,1,1
8450,3,3,Mental Health,8,1
8454,13,13,Asylum Seeker,2,1
8462,2,2,Alcohol,1,1
8464,9,9,Physical Health,11,1
8465,9,9,Physical Health,11,1
8467,9,9,Physical Health,11,1
8468,3,3,Mental Health,8,1
8477,2,2,Alcohol,1,1
8482,3,3,Mental Health,8,1
8484,3,3,Mental Health,8,1
8488,13,13,Asylum Seeker,2,1
8490,13,13,Asylum Seeker,2,1
8491,13,13,Asylum Seeker,2,1
8493,13,13,Asylum Seeker,2,1
8494,13,13,Asylum Seeker,2,1
8496,13,13,Asylum Seeker,2,1
8498,1,1,Drugs,4,1
8498,2,2,Alcohol,1,1
8501,1,1,Drugs,4,1
8511,9,9,Physical Health,11,1
8511,13,13,Asylum Seeker,2,1
8512,9,9,Physical Health,11,1
8517,13,13,Asylum Seeker,2,1
8518,13,13,Asylum Seeker,2,1
8520,13,13,Asylum Seeker,2,1
8521,2,2,Alcohol,1,1
8522,12,12,Ex-Offender,13,1
8529,11,11,Estranged,10,1
8530,11,11,Estranged,10,1
8538,1,1,Drugs,4,1
8538,3,3,Mental Health,8,1
8539,3,3,Mental Health,8,1
8546,12,12,Ex-Offender,13,1
8550,8,8,Learning Difficulties,7,1
8571,12,12,Ex-Offender,13,1
8582,3,3,Mental Health,8,1
8599,3,3,Mental Health,8,1
8606,12,12,Ex-Offender,13,1
8608,12,12,Ex-Offender,13,1
8619,11,11,Estranged,10,1
8619,12,12,Ex-Offender,13,1
8628,3,3,Mental Health,8,1
8637,9,9,Physical Health,11,1
8640,13,13,Asylum Seeker,2,1
8642,12,12,Ex-Offender,13,1
8643,11,11,Estranged,10,1
8644,12,12,Ex-Offender,13,1
8645,1,1,Drugs,4,1
8646,1,1,Drugs,4,1
8646,12,12,Ex-Offender,13,1
8652,3,3,Mental Health,8,1
8655,2,2,Alcohol,1,1
8659,1,1,Drugs,4,1
8666,3,3,Mental Health,8,1
8666,9,9,Physical Health,11,1
8666,15,15,Street Homeless,15,1
8684,1,1,Drugs,4,1
8684,3,3,Mental Health,8,1
8685,2,2,Alcohol,1,1
8685,9,9,Physical Health,11,1
8685,12,12,Ex-Offender,13,1
8691,13,13,Asylum Seeker,2,1
8696,9,9,Physical Health,11,1
8698,3,3,Mental Health,8,1
8709,1,1,Drugs,4,1
8723,3,3,Mental Health,8,1
8724,3,3,Mental Health,8,1
8725,17,17,meltham food service delivery,17,1
8728,1,1,Drugs,4,1
8730,1,1,Drugs,4,1
8730,3,3,Mental Health,8,1
8733,2,2,Alcohol,1,1
8740,3,3,Mental Health,8,1
8747,13,13,Asylum Seeker,2,1
8748,3,3,Mental Health,8,1
8760,3,3,Mental Health,8,1
8760,9,9,Physical Health,11,1
8769,13,13,Asylum Seeker,2,1
8771,3,3,Mental Health,8,1
8772,3,3,Mental Health,8,1
8772,9,9,Physical Health,11,1
8773,2,2,Alcohol,1,1
8786,3,3,Mental Health,8,1
8787,1,1,Drugs,4,1
8787,3,3,Mental Health,8,1
8787,12,12,Ex-Offender,13,1
8788,9,9,Physical Health,11,1
8789,11,11,Estranged,10,1
8790,13,13,Asylum Seeker,2,1
8792,12,12,Ex-Offender,13,1
8798,12,12,Ex-Offender,13,1
8808,2,2,Alcohol,1,1
8810,2,2,Alcohol,1,1
8810,3,3,Mental Health,8,1
8815,13,13,Asylum Seeker,2,1
8816,1,1,Drugs,4,1
8825,9,9,Physical Health,11,1
8831,1,1,Drugs,4,1
8847,3,3,Mental Health,8,1
8852,1,1,Drugs,4,1
8853,13,13,Asylum Seeker,2,1
8854,12,12,Ex-Offender,13,1
8858,13,13,Asylum Seeker,2,1
8873,9,9,Physical Health,11,1
8881,3,3,Mental Health,8,1
8882,2,2,Alcohol,1,1
8882,3,3,Mental Health,8,1
8882,15,15,Street Homeless,15,1
8883,12,12,Ex-Offender,13,1
8884,15,15,Street Homeless,15,1
8886,1,1,Drugs,4,1
8894,3,3,Mental Health,8,1
8895,1,1,Drugs,4,1
8902,9,9,Physical Health,11,1
8908,3,3,Mental Health,8,1
8912,12,12,Ex-Offender,13,1
8921,13,13,Asylum Seeker,2,1
8926,13,13,Asylum Seeker,2,1
8937,9,9,Physical Health,11,1
8938,3,3,Mental Health,8,1
8938,12,12,Ex-Offender,13,1
8939,3,3,Mental Health,8,1
8941,11,11,Estranged,10,1
8949,3,3,Mental Health,8,1
8949,9,9,Physical Health,11,1
8949,15,15,Street Homeless,15,1
8950,3,3,Mental Health,8,1
8951,1,1,Drugs,4,1
8952,2,2,Alcohol,1,1
8956,9,9,Physical Health,11,1
8967,3,3,Mental Health,8,1
8968,1,1,Drugs,4,1
8969,1,1,Drugs,4,1
8970,3,3,Mental Health,8,1
8970,9,9,Physical Health,11,1
8971,10,10,Street worker,12,1
8972,3,3,Mental Health,8,1
8987,13,13,Asylum Seeker,2,1
8993,3,3,Mental Health,8,1
8998,3,3,Mental Health,8,1
9002,1,1,Drugs,4,1
9004,12,12,Ex-Offender,13,1
9007,3,3,Mental Health,8,1
9012,3,3,Mental Health,8,1
9012,13,13,Asylum Seeker,2,1
9029,13,13,Asylum Seeker,2,1
9031,13,13,Asylum Seeker,2,1
9033,1,1,Drugs,4,1
9042,13,13,Asylum Seeker,2,1
9043,13,13,Asylum Seeker,2,1
9044,1,1,Drugs,4,1
9044,2,2,Alcohol,1,1
9046,2,2,Alcohol,1,1
9053,3,3,Mental Health,8,1
9061,9,9,Physical Health,11,1
9067,13,13,Asylum Seeker,2,1
9070,3,3,Mental Health,8,1
9072,13,13,Asylum Seeker,2,1
9101,13,13,Asylum Seeker,2,1
9105,12,12,Ex-Offender,13,1
9114,3,3,Mental Health,8,1
9120,3,3,Mental Health,8,1
9121,12,12,Ex-Offender,13,1
9142,13,13,Asylum Seeker,2,1
9143,13,13,Asylum Seeker,2,1
9155,1,1,Drugs,4,1
9155,3,3,Mental Health,8,1
9168,3,3,Mental Health,8,1
9168,9,9,Physical Health,11,1
9178,3,3,Mental Health,8,1
9215,3,3,Mental Health,8,1
9217,1,1,Drugs,4,1
9217,3,3,Mental Health,8,1
9222,12,12,Ex-Offender,13,1
9241,13,13,Asylum Seeker,2,1
9244,3,3,Mental Health,8,1
9252,3,3,Mental Health,8,1
9258,13,13,Asylum Seeker,2,1
9263,16,16,Refugee,16,1
9273,1,1,Drugs,4,1
9278,11,11,Estranged,10,1
9280,13,13,Asylum Seeker,2,1
9281,2,2,Alcohol,1,1
9289,8,8,Learning Difficulties,7,1
9295,3,3,Mental Health,8,1
9296,16,16,Refugee,16,1
9299,13,13,Asylum Seeker,2,1
9300,13,13,Asylum Seeker,2,1
9311,3,3,Mental Health,8,1
9316,13,13,Asylum Seeker,2,1
9318,13,13,Asylum Seeker,2,1
9334,12,12,Ex-Offender,13,1
9337,2,2,Alcohol,1,1
9348,13,13,Asylum Seeker,2,1
9355,12,12,Ex-Offender,13,1
9356,13,13,Asylum Seeker,2,1
9357,1,1,Drugs,4,1
9357,2,2,Alcohol,1,1
9360,13,13,Asylum Seeker,2,1
9362,16,16,Refugee,16,1
9363,12,12,Ex-Offender,13,1
9366,12,12,Ex-Offender,13,1
9369,9,9,Physical Health,11,1
9387,9,9,Physical Health,11,1
9389,9,9,Physical Health,11,1
9390,3,3,Mental Health,8,1
9394,13,13,Asylum Seeker,2,1
9395,13,13,Asylum Seeker,2,1
9396,13,13,Asylum Seeker,2,1
9397,13,13,Asylum Seeker,2,1
9399,13,13,Asylum Seeker,2,1
9400,13,13,Asylum Seeker,2,1
9405,13,13,Asylum Seeker,2,1
9407,13,13,Asylum Seeker,2,1
9408,1,1,Drugs,4,1
9409,13,13,Asylum Seeker,2,1
9410,9,9,Physical Health,11,1
9411,3,3,Mental Health,8,1
9411,11,11,Estranged,10,1
9412,1,1,Drugs,4,1
9419,3,3,Mental Health,8,1
9430,12,12,Ex-Offender,13,1
9439,3,3,Mental Health,8,1
9474,3,3,Mental Health,8,1
9476,9,9,Physical Health,11,1
9480,3,3,Mental Health,8,1
9481,1,1,Drugs,4,1
9481,2,2,Alcohol,1,1
9481,3,3,Mental Health,8,1
9485,13,13,Asylum Seeker,2,1
9488,16,16,Refugee,16,1
9489,13,13,Asylum Seeker,2,1
9502,13,13,Asylum Seeker,2,1
9503,13,13,Asylum Seeker,2,1
9510,9,9,Physical Health,11,1
9512,1,1,Drugs,4,1
9512,2,2,Alcohol,1,1
9517,13,13,Asylum Seeker,2,1
9518,13,13,Asylum Seeker,2,1
9548,1,1,Drugs,4,1
9550,3,3,Mental Health,8,1
9550,11,11,Estranged,10,1
9557,1,1,Drugs,4,1
9558,13,13,Asylum Seeker,2,1
9560,3,3,Mental Health,8,1
9564,12,12,Ex-Offender,13,1
9565,1,1,Drugs,4,1
9566,13,13,Asylum Seeker,2,1
9567,12,12,Ex-Offender,13,1
9577,12,12,Ex-Offender,13,1
9582,3,3,Mental Health,8,1
9584,9,9,Physical Health,11,1
9586,12,12,Ex-Offender,13,1
9588,13,13,Asylum Seeker,2,1
9592,3,3,Mental Health,8,1
9595,3,3,Mental Health,8,1
9599,1,1,Drugs,4,1
9602,12,12,Ex-Offender,13,1
9603,12,12,Ex-Offender,13,1
9604,3,3,Mental Health,8,1
9611,3,3,Mental Health,8,1
9612,1,1,Drugs,4,1
9615,4,4,Money Management,9,1
9620,3,3,Mental Health,8,1
9621,2,2,Alcohol,1,1
9621,3,3,Mental Health,8,1
9622,8,8,Learning Difficulties,7,1
9623,1,1,Drugs,4,1
9623,9,9,Physical Health,11,1
9644,3,3,Mental Health,8,1
9657,3,3,Mental Health,8,1
9657,9,9,Physical Health,11,1
9665,3,3,Mental Health,8,1
9667,13,13,Asylum Seeker,2,1
9682,13,13,Asylum Seeker,2,1
9683,8,8,Learning Difficulties,7,1
9683,11,11,Estranged,10,1
9685,13,13,Asylum Seeker,2,1
9689,15,15,Street Homeless,15,1
9691,3,3,Mental Health,8,1
9705,7,7,Gambling,5,1
9710,1,1,Drugs,4,1
9710,10,10,Street worker,12,1
9714,12,12,Ex-Offender,13,1
9720,2,2,Alcohol,1,1
9725,1,1,Drugs,4,1
9728,3,3,Mental Health,8,1
9729,3,3,Mental Health,8,1
9733,13,13,Asylum Seeker,2,1
9734,13,13,Asylum Seeker,2,1
9735,3,3,Mental Health,8,1
9736,13,13,Asylum Seeker,2,1
9737,13,13,Asylum Seeker,2,1
9740,3,3,Mental Health,8,1
9762,3,3,Mental Health,8,1
9769,1,1,Drugs,4,1
9769,2,2,Alcohol,1,1
9769,3,3,Mental Health,8,1
9770,13,13,Asylum Seeker,2,1
9771,3,3,Mental Health,8,1
9772,1,1,Drugs,4,1
9773,13,13,Asylum Seeker,2,1
9774,13,13,Asylum Seeker,2,1
9780,3,3,Mental Health,8,1
9783,3,3,Mental Health,8,1
9783,9,9,Physical Health,11,1
9784,13,13,Asylum Seeker,2,1
9785,3,3,Mental Health,8,1
9791,3,3,Mental Health,8,1
9795,3,3,Mental Health,8,1
9795,9,9,Physical Health,11,1
9798,1,1,Drugs,4,1
9800,13,13,Asylum Seeker,2,1
9801,13,13,Asylum Seeker,2,1
9802,9,9,Physical Health,11,1
9807,11,11,Estranged,10,1
9810,13,13,Asylum Seeker,2,1
9812,13,13,Asylum Seeker,2,1
9826,13,13,Asylum Seeker,2,1
9827,3,3,Mental Health,8,1
9840,11,11,Estranged,10,1
9841,3,3,Mental Health,8,1
9847,12,12,Ex-Offender,13,1
9867,12,12,Ex-Offender,13,1
9868,12,12,Ex-Offender,13,1
9869,3,3,Mental Health,8,1
9869,9,9,Physical Health,11,1
9874,1,1,Drugs,4,1
9875,1,1,Drugs,4,1
9876,13,13,Asylum Seeker,2,1
9877,13,13,Asylum Seeker,2,1
9881,13,13,Asylum Seeker,2,1
9882,3,3,Mental Health,8,1
9883,12,12,Ex-Offender,13,1
9885,13,13,Asylum Seeker,2,1
9893,13,13,Asylum Seeker,2,1
9894,13,13,Asylum Seeker,2,1
9897,3,3,Mental Health,8,1
9901,12,12,Ex-Offender,13,1
9916,1,1,Drugs,4,1
9932,3,3,Mental Health,8,1
9939,1,1,Drugs,4,1
9942,3,3,Mental Health,8,1
9942,9,9,Physical Health,11,1
9946,1,1,Drugs,4,1
9948,3,3,Mental Health,8,1
9951,13,13,Asylum Seeker,2,1
9952,11,11,Estranged,10,1
9960,3,3,Mental Health,8,1
9961,3,3,Mental Health,8,1
9961,12,12,Ex-Offender,13,1
9971,3,3,Mental Health,8,1
9971,11,11,Estranged,10,1
9980,9,9,Physical Health,11,1
9992,8,8,Learning Difficulties,7,1
9992,12,12,Ex-Offender,13,1
10000,13,13,Asylum Seeker,2,1
10002,13,13,Asylum Seeker,2,1
10011,3,3,Mental Health,8,1
10011,4,4,Money Management,9,1
10021,9,9,Physical Health,11,1
10022,15,15,Street Homeless,15,1
10024,2,2,Alcohol,1,1
10024,15,15,Street Homeless,15,1
10027,9,9,Physical Health,11,1
10030,9,9,Physical Health,11,1
10032,2,2,Alcohol,1,1
10033,3,3,Mental Health,8,1
10034,3,3,Mental Health,8,1
10040,13,13,Asylum Seeker,2,1
10041,9,9,Physical Health,11,1
10041,15,15,Street Homeless,15,1
10045,9,9,Physical Health,11,1
10048,3,3,Mental Health,8,1
10050,12,12,Ex-Offender,13,1
10056,3,3,Mental Health,8,1
10059,3,3,Mental Health,8,1
10062,3,3,Mental Health,8,1
10065,13,13,Asylum Seeker,2,1
10066,13,13,Asylum Seeker,2,1
10068,3,3,Mental Health,8,1
10069,1,1,Drugs,4,1
10070,13,13,Asylum Seeker,2,1
10072,13,13,Asylum Seeker,2,1
10073,1,1,Drugs,4,1
10075,8,8,Learning Difficulties,7,1
10075,17,17,meltham food service delivery,17,1
10078,13,13,Asylum Seeker,2,1
10086,2,2,Alcohol,1,1
10091,11,11,Estranged,10,1
10092,11,11,Estranged,10,1
10094,13,13,Asylum Seeker,2,1
10098,3,3,Mental Health,8,1
10111,12,12,Ex-Offender,13,1
10116,13,13,Asylum Seeker,2,1
10117,12,12,Ex-Offender,13,1
10118,16,16,Refugee,16,1
10131,8,8,Learning Difficulties,7,1
10144,13,13,Asylum Seeker,2,1
10145,13,13,Asylum Seeker,2,1
10146,13,13,Asylum Seeker,2,1
10153,12,12,Ex-Offender,13,1
10154,3,3,Mental Health,8,1
10168,3,3,Mental Health,8,1
10176,1,1,Drugs,4,1
10183,3,3,Mental Health,8,1
10186,3,3,Mental Health,8,1
10186,9,9,Physical Health,11,1
10188,13,13,Asylum Seeker,2,1
10189,13,13,Asylum Seeker,2,1
10194,3,3,Mental Health,8,1
10196,3,3,Mental Health,8,1
10197,13,13,Asylum Seeker,2,1
10200,3,3,Mental Health,8,1
10204,1,1,Drugs,4,1
10207,3,3,Mental Health,8,1
10213,13,13,Asylum Seeker,2,1
10214,1,1,Drugs,4,1
10214,3,3,Mental Health,8,1
10216,2,2,Alcohol,1,1
10228,3,3,Mental Health,8,1
10234,2,2,Alcohol,1,1
10237,13,13,Asylum Seeker,2,1
10238,13,13,Asylum Seeker,2,1
10241,9,9,Physical Health,11,1
10243,13,13,Asylum Seeker,2,1
10244,13,13,Asylum Seeker,2,1
10245,13,13,Asylum Seeker,2,1
10247,13,13,Asylum Seeker,2,1
10251,2,2,Alcohol,1,1
10251,12,12,Ex-Offender,13,1
10258,13,13,Asylum Seeker,2,1
10261,12,12,Ex-Offender,13,1
10265,3,3,Mental Health,8,1
10273,9,9,Physical Health,11,1
10283,3,3,Mental Health,8,1
10291,9,9,Physical Health,11,1
10306,9,9,Physical Health,11,1
10307,13,13,Asylum Seeker,2,1
10313,3,3,Mental Health,8,1
10315,12,12,Ex-Offender,13,1
10319,3,3,Mental Health,8,1
10319,4,4,Money Management,9,1
10322,1,1,Drugs,4,1
10325,1,1,Drugs,4,1
10327,13,13,Asylum Seeker,2,1
10328,2,2,Alcohol,1,1
10329,13,13,Asylum Seeker,2,1
10330,1,1,Drugs,4,1
10330,3,3,Mental Health,8,1
10331,13,13,Asylum Seeker,2,1
10332,12,12,Ex-Offender,13,1
10334,11,11,Estranged,10,1
10335,11,11,Estranged,10,1
10337,1,1,Drugs,4,1
10341,1,1,Drugs,4,1
10341,2,2,Alcohol,1,1
10341,10,10,Street worker,12,1
10341,12,12,Ex-Offender,13,1
10344,8,8,Learning Difficulties,7,1
10360,11,11,Estranged,10,1
10363,16,16,Refugee,16,1
10380,13,13,Asylum Seeker,2,1
10383,16,16,Refugee,16,1
10384,3,3,Mental Health,8,1
10385,3,3,Mental Health,8,1
10403,13,13,Asylum Seeker,2,1
10404,2,2,Alcohol,1,1
10405,13,13,Asylum Seeker,2,1
10406,13,13,Asylum Seeker,2,1
10409,8,8,Learning Difficulties,7,1
10414,9,9,Physical Health,11,1
10425,15,15,Street Homeless,15,1
10427,3,3,Mental Health,8,1
10433,9,9,Physical Health,11,1
10442,1,1,Drugs,4,1
10442,2,2,Alcohol,1,1
10443,1,1,Drugs,4,1
10445,13,13,Asylum Seeker,2,1
10450,13,13,Asylum Seeker,2,1
10451,13,13,Asylum Seeker,2,1
10452,15,15,Street Homeless,15,1
10454,13,13,Asylum Seeker,2,1
10456,1,1,Drugs,4,1
10456,2,2,Alcohol,1,1
10469,12,12,Ex-Offender,13,1
10471,10,10,Street worker,12,1
10477,2,2,Alcohol,1,1
10487,13,13,Asylum Seeker,2,1
10489,3,3,Mental Health,8,1
10492,3,3,Mental Health,8,1
10500,9,9,Physical Health,11,1
10505,3,3,Mental Health,8,1
10512,2,2,Alcohol,1,1
10529,3,3,Mental Health,8,1
10534,11,11,Estranged,10,1
10535,1,1,Drugs,4,1
10535,9,9,Physical Health,11,1
10536,13,13,Asylum Seeker,2,1
10542,3,3,Mental Health,8,1
10543,3,3,Mental Health,8,1
10545,17,17,meltham food service delivery,17,1
10547,13,13,Asylum Seeker,2,1
10549,13,13,Asylum Seeker,2,1
10550,13,13,Asylum Seeker,2,1
10555,1,1,Drugs,4,1
10555,2,2,Alcohol,1,1
10557,13,13,Asylum Seeker,2,1
10558,11,11,Estranged,10,1
10562,2,2,Alcohol,1,1
10562,9,9,Physical Health,11,1
10562,12,12,Ex-Offender,13,1
10564,3,3,Mental Health,8,1
10566,2,2,Alcohol,1,1
10566,3,3,Mental Health,8,1
10567,1,1,Drugs,4,1
10590,9,9,Physical Health,11,1
10608,2,2,Alcohol,1,1
10610,7,7,Gambling,5,1
10611,3,3,Mental Health,8,1
10611,7,7,Gambling,5,1
10614,1,1,Drugs,4,1
10616,12,12,Ex-Offender,13,1
10620,3,3,Mental Health,8,1
10627,1,1,Drugs,4,1
10627,3,3,Mental Health,8,1
10627,12,12,Ex-Offender,13,1
10633,13,13,Asylum Seeker,2,1
10634,13,13,Asylum Seeker,2,1
10635,13,13,Asylum Seeker,2,1
10637,12,12,Ex-Offender,13,1
10649,3,3,Mental Health,8,1
10654,1,1,Drugs,4,1
10656,11,11,Estranged,10,1
10657,1,1,Drugs,4,1
10657,3,3,Mental Health,8,1
10659,3,3,Mental Health,8,1
10661,3,3,Mental Health,8,1
10668,13,13,Asylum Seeker,2,1
10671,13,13,Asylum Seeker,2,1
10673,13,13,Asylum Seeker,2,1
10674,13,13,Asylum Seeker,2,1
10675,1,1,Drugs,4,1
10675,9,9,Physical Health,11,1
10675,12,12,Ex-Offender,13,1
10676,3,3,Mental Health,8,1
10676,9,9,Physical Health,11,1
10677,3,3,Mental Health,8,1
10680,3,3,Mental Health,8,1
10680,9,9,Physical Health,11,1
10680,16,16,Refugee,16,1
10681,1,1,Drugs,4,1
10683,1,1,Drugs,4,1
10683,12,12,Ex-Offender,13,1
10684,1,1,Drugs,4,1
10705,3,3,Mental Health,8,1
10709,3,3,Mental Health,8,1
10711,16,16,Refugee,16,1
10720,3,3,Mental Health,8,1
10723,13,13,Asylum Seeker,2,1
10737,3,3,Mental Health,8,1
10738,3,3,Mental Health,8,1
10742,1,1,Drugs,4,1
10743,1,1,Drugs,4,1
10743,2,2,Alcohol,1,1
10747,13,13,Asylum Seeker,2,1
10748,13,13,Asylum Seeker,2,1
10752,13,13,Asylum Seeker,2,1
10756,13,13,Asylum Seeker,2,1
10757,13,13,Asylum Seeker,2,1
10758,13,13,Asylum Seeker,2,1
10777,13,13,Asylum Seeker,2,1
10783,9,9,Physical Health,11,1
10787,3,3,Mental Health,8,1
10788,1,1,Drugs,4,1
10790,3,3,Mental Health,8,1
10792,1,1,Drugs,4,1
10803,3,3,Mental Health,8,1
10810,16,16,Refugee,16,1
10814,13,13,Asylum Seeker,2,1
10818,13,13,Asylum Seeker,2,1
10822,12,12,Ex-Offender,13,1
10825,13,13,Asylum Seeker,2,1
10826,13,13,Asylum Seeker,2,1
10827,13,13,Asylum Seeker,2,1
10829,3,3,Mental Health,8,1
10829,9,9,Physical Health,11,1
10852,16,16,Refugee,16,1
10858,9,9,Physical Health,11,1
10866,3,3,Mental Health,8,1
10867,1,1,Drugs,4,1
10873,9,9,Physical Health,11,1
10879,3,3,Mental Health,8,1
10890,11,11,Estranged,10,1
10903,3,3,Mental Health,8,1
10920,13,13,Asylum Seeker,2,1
10921,13,13,Asylum Seeker,2,1
10923,13,13,Asylum Seeker,2,1
10924,13,13,Asylum Seeker,2,1
10926,13,13,Asylum Seeker,2,1
10927,13,13,Asylum Seeker,2,1
10932,13,13,Asylum Seeker,2,1
10934,13,13,Asylum Seeker,2,1
10940,2,2,Alcohol,1,1
10941,1,1,Drugs,4,1
10946,2,2,Alcohol,1,1
10952,3,3,Mental Health,8,1
10952,17,17,meltham food service delivery,17,1
10953,16,16,Refugee,16,1
10958,3,3,Mental Health,8,1
10974,13,13,Asylum Seeker,2,1
10976,2,2,Alcohol,1,1
10986,9,9,Physical Health,11,1
10989,13,13,Asylum Seeker,2,1
10990,12,12,Ex-Offender,13,1
10995,13,13,Asylum Seeker,2,1
11000,3,3,Mental Health,8,1
11000,12,12,Ex-Offender,13,1
11004,13,13,Asylum Seeker,2,1
11013,3,3,Mental Health,8,1
11031,3,3,Mental Health,8,1
11035,9,9,Physical Health,11,1
11039,1,1,Drugs,4,1
11043,13,13,Asylum Seeker,2,1
11046,13,13,Asylum Seeker,2,1
11048,13,13,Asylum Seeker,2,1
11061,3,3,Mental Health,8,1
11064,13,13,Asylum Seeker,2,1
11093,13,13,Asylum Seeker,2,1
11101,12,12,Ex-Offender,13,1
11113,2,2,Alcohol,1,1
11113,3,3,Mental Health,8,1
11117,13,13,Asylum Seeker,2,1
11118,13,13,Asylum Seeker,2,1
11120,13,13,Asylum Seeker,2,1
11121,13,13,Asylum Seeker,2,1
11129,13,13,Asylum Seeker,2,1
11132,2,2,Alcohol,1,1
11139,3,3,Mental Health,8,1
11139,9,9,Physical Health,11,1
11140,1,1,Drugs,4,1
11142,8,8,Learning Difficulties,7,1
11143,9,9,Physical Health,11,1
11152,3,3,Mental Health,8,1
11157,13,13,Asylum Seeker,2,1
11160,13,13,Asylum Seeker,2,1
11161,13,13,Asylum Seeker,2,1
11175,12,12,Ex-Offender,13,1
11176,3,3,Mental Health,8,1
11176,9,9,Physical Health,11,1
11197,3,3,Mental Health,8,1
11198,1,1,Drugs,4,1
11198,2,2,Alcohol,1,1
11201,8,8,Learning Difficulties,7,1
11203,13,13,Asylum Seeker,2,1
11204,3,3,Mental Health,8,1
11206,1,1,Drugs,4,1
11206,2,2,Alcohol,1,1
11207,12,12,Ex-Offender,13,1
11223,13,13,Asylum Seeker,2,1
11225,13,13,Asylum Seeker,2,1
11227,9,9,Physical Health,11,1
11228,13,13,Asylum Seeker,2,1
11232,3,3,Mental Health,8,1
11251,9,9,Physical Health,11,1
11252,12,12,Ex-Offender,13,1
11256,3,3,Mental Health,8,1
11264,13,13,Asylum Seeker,2,1
11266,13,13,Asylum Seeker,2,1
11267,13,13,Asylum Seeker,2,1
11268,13,13,Asylum Seeker,2,1
11269,13,13,Asylum Seeker,2,1
11276,13,13,Asylum Seeker,2,1
11289,12,12,Ex-Offender,13,1
11299,3,3,Mental Health,8,1
11301,13,13,Asylum Seeker,2,1
11304,9,9,Physical Health,11,1
11304,11,11,Estranged,10,1
11306,13,13,Asylum Seeker,2,1
11308,3,3,Mental Health,8,1
11309,9,9,Physical Health,11,1
11310,12,12,Ex-Offender,13,1
11311,9,9,Physical Health,11,1
11316,11,11,Estranged,10,1
11322,1,1,Drugs,4,1
11324,2,2,Alcohol,1,1
11325,1,1,Drugs,4,1
11327,13,13,Asylum Seeker,2,1
11337,2,2,Alcohol,1,1
11341,13,13,Asylum Seeker,2,1
11373,9,9,Physical Health,11,1
11376,3,3,Mental Health,8,1
11377,12,12,Ex-Offender,13,1
11391,3,3,Mental Health,8,1
11391,11,11,Estranged,10,1
11401,13,13,Asylum Seeker,2,1
11411,1,1,Drugs,4,1
11411,2,2,Alcohol,1,1
11412,3,3,Mental Health,8,1
11420,13,13,Asylum Seeker,2,1
11422,1,1,Drugs,4,1
11432,10,10,Street worker,12,1
11434,8,8,Learning Difficulties,7,1
11442,13,13,Asylum Seeker,2,1
11443,13,13,Asylum Seeker,2,1
11445,2,2,Alcohol,1,1
11449,13,13,Asylum Seeker,2,1
11451,11,11,Estranged,10,1
11480,13,13,Asylum Seeker,2,1
11486,9,9,Physical Health,11,1
11489,12,12,Ex-Offender,13,1
11495,11,11,Estranged,10,1
11498,12,12,Ex-Offender,13,1
11511,3,3,Mental Health,8,1
11512,9,9,Physical Health,11,1
11513,12,12,Ex-Offender,13,1
11515,11,11,Estranged,10,1
11515,13,13,Asylum Seeker,2,1
11516,13,13,Asylum Seeker,2,1
11529,3,3,Mental Health,8,1
11536,9,9,Physical Health,11,1
11536,13,13,Asylum Seeker,2,1
11537,4,4,Money Management,9,1
11539,3,3,Mental Health,8,1
11545,13,13,Asylum Seeker,2,1
11550,12,12,Ex-Offender,13,1
11554,1,1,Drugs,4,1
11555,3,3,Mental Health,8,1
11561,9,9,Physical Health,11,1
11572,3,3,Mental Health,8,1
11574,12,12,Ex-Offender,13,1
11578,3,3,Mental Health,8,1
11583,3,3,Mental Health,8,1
11584,3,3,Mental Health,8,1
11586,3,3,Mental Health,8,1
11590,1,1,Drugs,4,1
11597,13,13,Asylum Seeker,2,1
11599,12,12,Ex-Offender,13,1
11600,3,3,Mental Health,8,1
11622,8,8,Learning Difficulties,7,1
11624,3,3,Mental Health,8,1
11630,12,12,Ex-Offender,13,1
11631,12,12,Ex-Offender,13,1
11632,1,1,Drugs,4,1
11632,2,2,Alcohol,1,1
11637,3,3,Mental Health,8,1
11641,1,1,Drugs,4,1
11641,17,17,meltham food service delivery,17,1
11642,13,13,Asylum Seeker,2,1
11643,3,3,Mental Health,8,1
11643,4,4,Money Management,9,1
11646,3,3,Mental Health,8,1
11648,13,13,Asylum Seeker,2,1
11655,4,4,Money Management,9,1
11676,3,3,Mental Health,8,1
11685,15,15,Street Homeless,15,1
11687,4,4,Money Management,9,1
11689,4,4,Money Management,9,1
11691,9,9,Physical Health,11,1
11692,9,9,Physical Health,11,1
11693,1,1,Drugs,4,1
11693,2,2,Alcohol,1,1
11693,3,3,Mental Health,8,1
11696,2,2,Alcohol,1,1
11698,12,12,Ex-Offender,13,1
11701,13,13,Asylum Seeker,2,1
11703,13,13,Asylum Seeker,2,1
11704,9,9,Physical Health,11,1
11705,13,13,Asylum Seeker,2,1
11706,13,13,Asylum Seeker,2,1
11708,3,3,Mental Health,8,1
11710,3,3,Mental Health,8,1
11713,12,12,Ex-Offender,13,1
11715,3,3,Mental Health,8,1
11717,12,12,Ex-Offender,13,1
11720,3,3,Mental Health,8,1
11722,3,3,Mental Health,8,1
11733,3,3,Mental Health,8,1
11735,11,11,Estranged,10,1
11735,13,13,Asylum Seeker,2,1
11737,3,3,Mental Health,8,1
11742,3,3,Mental Health,8,1
11742,9,9,Physical Health,11,1
11743,3,3,Mental Health,8,1
11743,9,9,Physical Health,11,1
11746,9,9,Physical Health,11,1
11752,4,4,Money Management,9,1
11752,9,9,Physical Health,11,1
11753,15,15,Street Homeless,15,1
11761,3,3,Mental Health,8,1
11761,12,12,Ex-Offender,13,1
11762,18,18,DW(Cath) supporting/supported,18,1
11768,12,12,Ex-Offender,13,1
11785,2,2,Alcohol,1,1
11786,2,2,Alcohol,1,1
11800,2,2,Alcohol,1,1
11800,3,3,Mental Health,8,1
11801,3,3,Mental Health,8,1
11801,9,9,Physical Health,11,1
11802,9,9,Physical Health,11,1
11802,12,12,Ex-Offender,13,1
11805,8,8,Learning Difficulties,7,1
11805,9,9,Physical Health,11,1
11806,13,13,Asylum Seeker,2,1
11807,13,13,Asylum Seeker,2,1
11808,8,8,Learning Difficulties,7,1
11810,1,1,Drugs,4,1
11810,3,3,Mental Health,8,1
11812,13,13,Asylum Seeker,2,1
11813,9,9,Physical Health,11,1
11822,9,9,Physical Health,11,1
11830,3,3,Mental Health,8,1
11834,9,9,Physical Health,11,1
11848,8,8,Learning Difficulties,7,1
11854,13,13,Asylum Seeker,2,1
11857,18,18,DW(Cath) supporting/supported,18,1
11865,9,9,Physical Health,11,1
11869,1,1,Drugs,4,1
11874,8,8,Learning Difficulties,7,1
11879,4,4,Money Management,9,1
11882,3,3,Mental Health,8,1
11886,2,2,Alcohol,1,1
11886,3,3,Mental Health,8,1
11886,12,12,Ex-Offender,13,1
11899,3,3,Mental Health,8,1
11900,3,3,Mental Health,8,1
11911,1,1,Drugs,4,1
11912,3,3,Mental Health,8,1
11913,3,3,Mental Health,8,1
11913,9,9,Physical Health,11,1
11915,4,4,Money Management,9,1
11916,13,13,Asylum Seeker,2,1
11917,13,13,Asylum Seeker,2,1
11918,13,13,Asylum Seeker,2,1
11920,1,1,Drugs,4,1
11921,12,12,Ex-Offender,13,1
11922,13,13,Asylum Seeker,2,1
11932,3,3,Mental Health,8,1
11940,13,13,Asylum Seeker,2,1
11941,1,1,Drugs,4,1
11941,2,2,Alcohol,1,1
11941,3,3,Mental Health,8,1
11943,13,13,Asylum Seeker,2,1
11951,13,13,Asylum Seeker,2,1
11957,8,8,Learning Difficulties,7,1
11961,1,1,Drugs,4,1
11961,3,3,Mental Health,8,1
11965,1,1,Drugs,4,1
11966,13,13,Asylum Seeker,2,1
11967,3,3,Mental Health,8,1
11982,11,11,Estranged,10,1
11983,3,3,Mental Health,8,1
11987,13,13,Asylum Seeker,2,1
11988,13,13,Asylum Seeker,2,1
11994,13,13,Asylum Seeker,2,1
11997,8,8,Learning Difficulties,7,1
12001,3,3,Mental Health,8,1
12003,9,9,Physical Health,11,1
12005,2,2,Alcohol,1,1
12006,2,2,Alcohol,1,1
12011,11,11,Estranged,10,1
12012,2,2,Alcohol,1,1
12013,2,2,Alcohol,1,1
12015,2,2,Alcohol,1,1
12016,2,2,Alcohol,1,1
12024,3,3,Mental Health,8,1
12030,2,2,Alcohol,1,1
12046,3,3,Mental Health,8,1
12048,2,2,Alcohol,1,1
12048,3,3,Mental Health,8,1
12049,8,8,Learning Difficulties,7,1
12050,3,3,Mental Health,8,1
12050,9,9,Physical Health,11,1
12053,3,3,Mental Health,8,1
12062,13,13,Asylum Seeker,2,1
12063,3,3,Mental Health,8,1
12064,9,9,Physical Health,11,1
12070,3,3,Mental Health,8,1
12083,12,12,Ex-Offender,13,1
12086,13,13,Asylum Seeker,2,1
12105,8,8,Learning Difficulties,7,1
12128,12,12,Ex-Offender,13,1
12129,2,2,Alcohol,1,1
12136,11,11,Estranged,10,1
12141,1,1,Drugs,4,1
12153,3,3,Mental Health,8,1
12153,9,9,Physical Health,11,1
12161,13,13,Asylum Seeker,2,1
12169,3,3,Mental Health,8,1
12178,3,3,Mental Health,8,1
12178,11,11,Estranged,10,1
12179,9,9,Physical Health,11,1
12180,15,15,Street Homeless,15,1
12181,15,15,Street Homeless,15,1
12182,11,11,Estranged,10,1
12183,9,9,Physical Health,11,1
12184,3,3,Mental Health,8,1
12184,9,9,Physical Health,11,1
12187,11,11,Estranged,10,1
12189,9,9,Physical Health,11,1
12192,11,11,Estranged,10,1
12193,4,4,Money Management,9,1
12202,3,3,Mental Health,8,1
12203,13,13,Asylum Seeker,2,1
12204,11,11,Estranged,10,1
12216,3,3,Mental Health,8,1
12226,15,15,Street Homeless,15,1
12228,3,3,Mental Health,8,1
12232,3,3,Mental Health,8,1
12237,3,3,Mental Health,8,1
12247,13,13,Asylum Seeker,2,1
12251,11,11,Estranged,10,1
12257,1,1,Drugs,4,1
12257,12,12,Ex-Offender,13,1
12261,13,13,Asylum Seeker,2,1
12262,13,13,Asylum Seeker,2,1
12263,3,3,Mental Health,8,1
12267,9,9,Physical Health,11,1
12280,3,3,Mental Health,8,1
12288,12,12,Ex-Offender,13,1
12294,16,16,Refugee,16,1
12296,1,1,Drugs,4,1
12298,13,13,Asylum Seeker,2,1
12301,13,13,Asylum Seeker,2,1
12302,13,13,Asylum Seeker,2,1
12306,9,9,Physical Health,11,1
12310,13,13,Asylum Seeker,2,1
12311,13,13,Asylum Seeker,2,1
12317,13,13,Asylum Seeker,2,1
12317,18,18,DW(Cath) supporting/supported,18,1
12320,12,12,Ex-Offender,13,1
12331,12,12,Ex-Offender,13,1
12332,12,12,Ex-Offender,13,1
12333,3,3,Mental Health,8,1
12337,3,3,Mental Health,8,1
12338,1,1,Drugs,4,1
12342,2,2,Alcohol,1,1
12343,3,3,Mental Health,8,1
12353,1,1,Drugs,4,1
12353,12,12,Ex-Offender,13,1
12365,1,1,Drugs,4,1
12378,8,8,Learning Difficulties,7,1
12379,13,13,Asylum Seeker,2,1
12380,16,16,Refugee,16,1
12382,9,9,Physical Health,11,1
12390,15,15,Street Homeless,15,1
12391,13,13,Asylum Seeker,2,1
12391,18,18,DW(Cath) supporting/supported,18,1
12401,3,3,Mental Health,8,1
12404,3,3,Mental Health,8,1
12406,13,13,Asylum Seeker,2,1
12421,3,3,Mental Health,8,1
12422,11,11,Estranged,10,1
12425,9,9,Physical Health,11,1
12430,9,9,Physical Health,11,1
12431,3,3,Mental Health,8,1
12431,9,9,Physical Health,11,1
12434,3,3,Mental Health,8,1
12436,9,9,Physical Health,11,1
12436,13,13,Asylum Seeker,2,1
12439,1,1,Drugs,4,1
12443,9,9,Physical Health,11,1
12444,8,8,Learning Difficulties,7,1
12460,4,4,Money Management,9,1
12465,11,11,Estranged,10,1
12466,13,13,Asylum Seeker,2,1
12469,3,3,Mental Health,8,1
12473,3,3,Mental Health,8,1
12474,3,3,Mental Health,8,1
12474,8,8,Learning Difficulties,7,1
12474,9,9,Physical Health,11,1
12475,2,2,Alcohol,1,1
12476,4,4,Money Management,9,1
12478,12,12,Ex-Offender,13,1
12480,1,1,Drugs,4,1
12480,2,2,Alcohol,1,1
12482,3,3,Mental Health,8,1
12485,3,3,Mental Health,8,1
12490,13,13,Asylum Seeker,2,1
12531,3,3,Mental Health,8,1
12541,13,13,Asylum Seeker,2,1
12548,3,3,Mental Health,8,1
12552,11,11,Estranged,10,1
12560,3,3,Mental Health,8,1
12560,8,8,Learning Difficulties,7,1
12560,9,9,Physical Health,11,1
12560,18,18,DW(Cath) supporting/supported,18,1
12570,11,11,Estranged,10,1
12579,3,3,Mental Health,8,1
12587,13,13,Asylum Seeker,2,1
12589,13,13,Asylum Seeker,2,1
12601,13,13,Asylum Seeker,2,1
12607,1,1,Drugs,4,1
12607,3,3,Mental Health,8,1
12609,1,1,Drugs,4,1
12621,3,3,Mental Health,8,1
12632,12,12,Ex-Offender,13,1
12640,12,12,Ex-Offender,13,1
12646,13,13,Asylum Seeker,2,1
12649,3,3,Mental Health,8,1
12653,9,9,Physical Health,11,1
12654,2,2,Alcohol,1,1
12657,2,2,Alcohol,1,1
12664,13,13,Asylum Seeker,2,1
12680,12,12,Ex-Offender,13,1
12686,12,12,Ex-Offender,13,1
12690,2,2,Alcohol,1,1
12691,8,8,Learning Difficulties,7,1
12691,9,9,Physical Health,11,1
12694,3,3,Mental Health,8,1
12698,18,18,DW(Cath) supporting/supported,18,1
12699,13,13,Asylum Seeker,2,1
12709,13,13,Asylum Seeker,2,1
12725,13,13,Asylum Seeker,2,1
12733,2,2,Alcohol,1,1
12736,2,2,Alcohol,1,1
12736,3,3,Mental Health,8,1
12748,3,3,Mental Health,8,1
12749,13,13,Asylum Seeker,2,1
12752,3,3,Mental Health,8,1
12754,3,3,Mental Health,8,1
12772,3,3,Mental Health,8,1
12773,3,3,Mental Health,8,1
12777,3,3,Mental Health,8,1
12778,9,9,Physical Health,11,1
12783,9,9,Physical Health,11,1
12784,9,9,Physical Health,11,1
12785,3,3,Mental Health,8,1
12799,3,3,Mental Health,8,1
12820,3,3,Mental Health,8,1
12822,12,12,Ex-Offender,13,1
12823,12,12,Ex-Offender,13,1
12824,3,3,Mental Health,8,1
12828,10,10,Street worker,12,1
12829,2,2,Alcohol,1,1
12831,3,3,Mental Health,8,1
12835,3,3,Mental Health,8,1
12836,4,4,Money Management,9,1
12838,11,11,Estranged,10,1
12841,13,13,Asylum Seeker,2,1
12846,3,3,Mental Health,8,1
12849,13,13,Asylum Seeker,2,1
12850,13,13,Asylum Seeker,2,1
12854,12,12,Ex-Offender,13,1
12864,12,12,Ex-Offender,13,1
12869,3,3,Mental Health,8,1
12869,9,9,Physical Health,11,1
12877,3,3,Mental Health,8,1
12882,3,3,Mental Health,8,1
12892,12,12,Ex-Offender,13,1
12895,3,3,Mental Health,8,1
12898,1,1,Drugs,4,1
12898,3,3,Mental Health,8,1
12898,12,12,Ex-Offender,13,1
12899,12,12,Ex-Offender,13,1
12900,2,2,Alcohol,1,1
12926,3,3,Mental Health,8,1
12933,10,10,Street worker,12,1
12933,18,18,DW(Cath) supporting/supported,18,1
12936,1,1,Drugs,4,1
12936,3,3,Mental Health,8,1
12946,18,18,DW(Cath) supporting/supported,18,1
12959,8,8,Learning Difficulties,7,1
12976,1,1,Drugs,4,1
12982,18,18,DW(Cath) supporting/supported,18,1
12986,3,3,Mental Health,8,1
12991,3,3,Mental Health,8,1
12991,8,8,Learning Difficulties,7,1
12994,9,9,Physical Health,11,1
12996,18,18,DW(Cath) supporting/supported,18,1
12998,1,1,Drugs,4,1
12998,2,2,Alcohol,1,1
13011,3,3,Mental Health,8,1
13017,9,9,Physical Health,11,1
13019,3,3,Mental Health,8,1
13020,1,1,Drugs,4,1
13020,3,3,Mental Health,8,1
13021,1,1,Drugs,4,1
13025,2,2,Alcohol,1,1
13025,9,9,Physical Health,11,1
13027,3,3,Mental Health,8,1
13028,13,13,Asylum Seeker,2,1
13029,3,3,Mental Health,8,1
13047,3,3,Mental Health,8,1
13049,3,3,Mental Health,8,1
13059,1,1,Drugs,4,1
13061,3,3,Mental Health,8,1
13063,3,3,Mental Health,8,1
13064,3,3,Mental Health,8,1
13073,13,13,Asylum Seeker,2,1
13079,13,13,Asylum Seeker,2,1
13080,1,1,Drugs,4,1
13085,3,3,Mental Health,8,1
13085,8,8,Learning Difficulties,7,1
13088,8,8,Learning Difficulties,7,1
13088,15,15,Street Homeless,15,1
13089,13,13,Asylum Seeker,2,1
13104,3,3,Mental Health,8,1
13106,1,1,Drugs,4,1
13106,3,3,Mental Health,8,1
13107,12,12,Ex-Offender,13,1
13109,3,3,Mental Health,8,1
13111,3,3,Mental Health,8,1
13114,13,13,Asylum Seeker,2,1
13140,1,1,Drugs,4,1
13143,2,2,Alcohol,1,1
13143,3,3,Mental Health,8,1
13144,9,9,Physical Health,11,1
13152,1,1,Drugs,4,1
13152,3,3,Mental Health,8,1
13153,3,3,Mental Health,8,1
13154,3,3,Mental Health,8,1
13156,12,12,Ex-Offender,13,1
13157,3,3,Mental Health,8,1
13157,9,9,Physical Health,11,1
13159,12,12,Ex-Offender,13,1
13165,9,9,Physical Health,11,1
13166,12,12,Ex-Offender,13,1
13167,8,8,Learning Difficulties,7,1
13175,8,8,Learning Difficulties,7,1
13176,12,12,Ex-Offender,13,1
13181,13,13,Asylum Seeker,2,1
13182,3,3,Mental Health,8,1
13182,7,7,Gambling,5,1
13185,3,3,Mental Health,8,1
13185,8,8,Learning Difficulties,7,1
13205,3,3,Mental Health,8,1
13210,3,3,Mental Health,8,1
13219,3,3,Mental Health,8,1
13223,9,9,Physical Health,11,1
13227,2,2,Alcohol,1,1
13230,3,3,Mental Health,8,1
13237,2,2,Alcohol,1,1
13250,12,12,Ex-Offender,13,1
13252,3,3,Mental Health,8,1
13252,9,9,Physical Health,11,1
13269,11,11,Estranged,10,1
13274,9,9,Physical Health,11,1
13276,12,12,Ex-Offender,13,1
13284,1,1,Drugs,4,1
13286,13,13,Asylum Seeker,2,1
13297,2,2,Alcohol,1,1
13313,3,3,Mental Health,8,1
13313,12,12,Ex-Offender,13,1
13316,3,3,Mental Health,8,1
13318,2,2,Alcohol,1,1
13318,3,3,Mental Health,8,1
13318,9,9,Physical Health,11,1
13334,3,3,Mental Health,8,1
13338,3,3,Mental Health,8,1
13338,15,15,Street Homeless,15,1
13343,12,12,Ex-Offender,13,1
13346,3,3,Mental Health,8,1
13349,3,3,Mental Health,8,1
13349,7,7,Gambling,5,1
13352,8,8,Learning Difficulties,7,1
13355,1,1,Drugs,4,1
13355,2,2,Alcohol,1,1
13355,3,3,Mental Health,8,1
13356,3,3,Mental Health,8,1
13358,3,3,Mental Health,8,1
13358,9,9,Physical Health,11,1
13359,3,3,Mental Health,8,1
13359,9,9,Physical Health,11,1
13361,3,3,Mental Health,8,1
13361,9,9,Physical Health,11,1
13362,13,13,Asylum Seeker,2,1
13364,3,3,Mental Health,8,1
13377,1,1,Drugs,4,1
13382,2,2,Alcohol,1,1
13382,3,3,Mental Health,8,1
13403,9,9,Physical Health,11,1
13407,17,17,meltham food service delivery,17,1
13413,13,13,Asylum Seeker,2,1
13419,16,16,Refugee,16,1
13421,1,1,Drugs,4,1
13421,2,2,Alcohol,1,1
13421,3,3,Mental Health,8,1
13424,3,3,Mental Health,8,1
13424,9,9,Physical Health,11,1
13425,12,12,Ex-Offender,13,1
13444,2,2,Alcohol,1,1
13444,9,9,Physical Health,11,1
13454,18,18,DW(Cath) supporting/supported,18,1
13456,3,3,Mental Health,8,1
13461,18,18,DW(Cath) supporting/supported,18,1
13465,3,3,Mental Health,8,1
13468,2,2,Alcohol,1,1
13469,3,3,Mental Health,8,1
13473,3,3,Mental Health,8,1
13486,13,13,Asylum Seeker,2,1
13487,3,3,Mental Health,8,1
13489,2,2,Alcohol,1,1
13489,9,9,Physical Health,11,1
13490,3,3,Mental Health,8,1
13496,13,13,Asylum Seeker,2,1
13497,17,17,meltham food service delivery,17,1
13513,9,9,Physical Health,11,1
13514,1,1,Drugs,4,1
13514,2,2,Alcohol,1,1
13514,3,3,Mental Health,8,1
13528,3,3,Mental Health,8,1
13541,3,3,Mental Health,8,1
13546,7,7,Gambling,5,1
13549,1,1,Drugs,4,1
13549,2,2,Alcohol,1,1
13549,3,3,Mental Health,8,1
13557,9,9,Physical Health,11,1
13557,12,12,Ex-Offender,13,1
13559,12,12,Ex-Offender,13,1
13568,3,3,Mental Health,8,1
13568,8,8,Learning Difficulties,7,1
13569,2,2,Alcohol,1,1
13572,13,13,Asylum Seeker,2,1
13573,13,13,Asylum Seeker,2,1
13574,13,13,Asylum Seeker,2,1
13583,13,13,Asylum Seeker,2,1
13584,13,13,Asylum Seeker,2,1
13586,13,13,Asylum Seeker,2,1
13591,1,1,Drugs,4,1
13591,12,12,Ex-Offender,13,1
13595,3,3,Mental Health,8,1
13622,11,11,Estranged,10,1
13633,9,9,Physical Health,11,1
13638,12,12,Ex-Offender,13,1
13640,1,1,Drugs,4,1
13643,2,2,Alcohol,1,1
13643,8,8,Learning Difficulties,7,1
13643,12,12,Ex-Offender,13,1
13646,12,12,Ex-Offender,13,1
13649,8,8,Learning Difficulties,7,1
13650,13,13,Asylum Seeker,2,1
13656,3,3,Mental Health,8,1
13660,13,13,Asylum Seeker,2,1
13666,13,13,Asylum Seeker,2,1
13686,1,1,Drugs,4,1
13686,2,2,Alcohol,1,1
13688,3,3,Mental Health,8,1
13690,9,9,Physical Health,11,1
13690,12,12,Ex-Offender,13,1
13691,3,3,Mental Health,8,1
13696,1,1,Drugs,4,1
13696,3,3,Mental Health,8,1
13696,9,9,Physical Health,11,1
13704,3,3,Mental Health,8,1
13704,12,12,Ex-Offender,13,1
13704,18,18,DW(Cath) supporting/supported,18,1
13706,13,13,Asylum Seeker,2,1
13725,3,3,Mental Health,8,1
13728,9,9,Physical Health,11,1
13733,3,3,Mental Health,8,1
13744,2,2,Alcohol,1,1
13745,12,12,Ex-Offender,13,1
13745,18,18,DW(Cath) supporting/supported,18,1
13757,3,3,Mental Health,8,1
13761,3,3,Mental Health,8,1
13763,12,12,Ex-Offender,13,1
13766,3,3,Mental Health,8,1
13772,3,3,Mental Health,8,1
13778,3,3,Mental Health,8,1
13796,3,3,Mental Health,8,1
13796,9,9,Physical Health,11,1
13797,3,3,Mental Health,8,1
13797,9,9,Physical Health,11,1
13798,3,3,Mental Health,8,1
13802,3,3,Mental Health,8,1
13802,8,8,Learning Difficulties,7,1
13803,9,9,Physical Health,11,1
13804,3,3,Mental Health,8,1
13806,3,3,Mental Health,8,1
13808,3,3,Mental Health,8,1
13824,3,3,Mental Health,8,1
13824,15,15,Street Homeless,15,1
13850,3,3,Mental Health,8,1
13850,8,8,Learning Difficulties,7,1
13850,9,9,Physical Health,11,1
13856,12,12,Ex-Offender,13,1
13863,2,2,Alcohol,1,1
13863,3,3,Mental Health,8,1
13866,1,1,Drugs,4,1
13869,3,3,Mental Health,8,1
13869,8,8,Learning Difficulties,7,1
13872,2,2,Alcohol,1,1
13875,9,9,Physical Health,11,1
13881,9,9,Physical Health,11,1
13882,3,3,Mental Health,8,1
13889,3,3,Mental Health,8,1
13895,9,9,Physical Health,11,1
13904,13,13,Asylum Seeker,2,1
13906,1,1,Drugs,4,1
13906,2,2,Alcohol,1,1
13909,3,3,Mental Health,8,1
13909,9,9,Physical Health,11,1
13915,3,3,Mental Health,8,1
13931,13,13,Asylum Seeker,2,1
13934,9,9,Physical Health,11,1
13945,1,1,Drugs,4,1
13945,12,12,Ex-Offender,13,1
13948,1,1,Drugs,4,1
13948,2,2,Alcohol,1,1
13948,3,3,Mental Health,8,1
13949,13,13,Asylum Seeker,2,1
13950,1,1,Drugs,4,1
13950,9,9,Physical Health,11,1
13950,12,12,Ex-Offender,13,1
13951,1,1,Drugs,4,1
13951,12,12,Ex-Offender,13,1
13952,1,1,Drugs,4,1
13952,3,3,Mental Health,8,1
13952,9,9,Physical Health,11,1
13967,3,3,Mental Health,8,1
13978,13,13,Asylum Seeker,2,1
13980,2,2,Alcohol,1,1
13981,8,8,Learning Difficulties,7,1
13983,3,3,Mental Health,8,1
13984,9,9,Physical Health,11,1
13985,9,9,Physical Health,11,1
13990,3,3,Mental Health,8,1
13993,3,3,Mental Health,8,1
13994,3,3,Mental Health,8,1
13998,13,13,Asylum Seeker,2,1
14018,9,9,Physical Health,11,1
14023,12,12,Ex-Offender,13,1
14027,3,3,Mental Health,8,1
14030,18,18,DW(Cath) supporting/supported,18,1
14036,3,3,Mental Health,8,1
14036,18,18,DW(Cath) supporting/supported,18,1
14041,1,1,Drugs,4,1
14044,3,3,Mental Health,8,1
14046,3,3,Mental Health,8,1
14047,2,2,Alcohol,1,1
14052,2,2,Alcohol,1,1
14058,4,4,Money Management,9,1
14058,18,18,DW(Cath) supporting/supported,18,1
14069,3,3,Mental Health,8,1
14069,9,9,Physical Health,11,1
14074,3,3,Mental Health,8,1
14075,3,3,Mental Health,8,1
14076,2,2,Alcohol,1,1
14076,3,3,Mental Health,8,1
14079,13,13,Asylum Seeker,2,1
14082,11,11,Estranged,10,1
14097,15,15,Street Homeless,15,1
14099,15,15,Street Homeless,15,1
14104,3,3,Mental Health,8,1
14119,3,3,Mental Health,8,1
14119,9,9,Physical Health,11,1
14125,1,1,Drugs,4,1
14125,3,3,Mental Health,8,1
14125,8,8,Learning Difficulties,7,1
14128,1,1,Drugs,4,1
14128,18,18,DW(Cath) supporting/supported,18,1
14139,13,13,Asylum Seeker,2,1
14149,8,8,Learning Difficulties,7,1
14155,3,3,Mental Health,8,1
14155,9,9,Physical Health,11,1
14157,9,9,Physical Health,11,1
14164,9,9,Physical Health,11,1
14171,12,12,Ex-Offender,13,1
14185,3,3,Mental Health,8,1
14186,1,1,Drugs,4,1
14187,2,2,Alcohol,1,1
14187,3,3,Mental Health,8,1
14187,9,9,Physical Health,11,1
14216,9,9,Physical Health,11,1
14226,9,9,Physical Health,11,1
14239,3,3,Mental Health,8,1
14241,2,2,Alcohol,1,1
14241,12,12,Ex-Offender,13,1
14243,3,3,Mental Health,8,1
14247,3,3,Mental Health,8,1
14247,15,15,Street Homeless,15,1
14250,2,2,Alcohol,1,1
14250,3,3,Mental Health,8,1
14253,3,3,Mental Health,8,1
14253,9,9,Physical Health,11,1
14260,1,1,Drugs,4,1
14275,1,1,Drugs,4,1
14277,3,3,Mental Health,8,1
14281,13,13,Asylum Seeker,2,1
14285,3,3,Mental Health,8,1
14287,3,3,Mental Health,8,1
14288,3,3,Mental Health,8,1
14289,13,13,Asylum Seeker,2,1
14296,3,3,Mental Health,8,1
14308,13,13,Asylum Seeker,2,1
14323,9,9,Physical Health,11,1
14325,1,1,Drugs,4,1
14325,2,2,Alcohol,1,1
14332,12,12,Ex-Offender,13,1
14333,8,8,Learning Difficulties,7,1
14335,3,3,Mental Health,8,1
14337,3,3,Mental Health,8,1
14337,9,9,Physical Health,11,1
14339,12,12,Ex-Offender,13,1
14340,11,11,Estranged,10,1
14341,2,2,Alcohol,1,1
14341,9,9,Physical Health,11,1
14343,3,3,Mental Health,8,1
14343,9,9,Physical Health,11,1
14348,3,3,Mental Health,8,1
14348,9,9,Physical Health,11,1
14355,2,2,Alcohol,1,1
14355,3,3,Mental Health,8,1
14360,3,3,Mental Health,8,1
14362,3,3,Mental Health,8,1
14372,1,1,Drugs,4,1
14378,3,3,Mental Health,8,1
14380,1,1,Drugs,4,1
14380,11,11,Estranged,10,1
14387,3,3,Mental Health,8,1
14388,1,1,Drugs,4,1
14393,9,9,Physical Health,11,1
14395,2,2,Alcohol,1,1
14395,3,3,Mental Health,8,1
14440,13,13,Asylum Seeker,2,1
14441,16,16,Refugee,16,1
14444,3,3,Mental Health,8,1
14454,13,13,Asylum Seeker,2,1
14460,3,3,Mental Health,8,1
14460,9,9,Physical Health,11,1
14463,1,1,Drugs,4,1
14463,10,10,Street worker,12,1
14478,12,12,Ex-Offender,13,1
14490,9,9,Physical Health,11,1
14493,3,3,Mental Health,8,1
14495,4,4,Money Management,9,1
14503,1,1,Drugs,4,1
14511,2,2,Alcohol,1,1
14550,1,1,Drugs,4,1
14553,3,3,Mental Health,8,1
14555,2,2,Alcohol,1,1
14564,1,1,Drugs,4,1
14566,3,3,Mental Health,8,1
14573,13,13,Asylum Seeker,2,1
14592,3,3,Mental Health,8,1
14594,3,3,Mental Health,8,1
14594,9,9,Physical Health,11,1
14600,3,3,Mental Health,8,1
14603,3,3,Mental Health,8,1
14603,12,12,Ex-Offender,13,1
14606,13,13,Asylum Seeker,2,1
14636,15,15,Street Homeless,15,1
14644,1,1,Drugs,4,1
14649,8,8,Learning Difficulties,7,1
14652,9,9,Physical Health,11,1
14653,13,13,Asylum Seeker,2,1
14661,3,3,Mental Health,8,1
14662,9,9,Physical Health,11,1
14663,9,9,Physical Health,11,1
14678,3,3,Mental Health,8,1
14682,3,3,Mental Health,8,1
14682,8,8,Learning Difficulties,7,1
14687,8,8,Learning Difficulties,7,1
14699,3,3,Mental Health,8,1
14700,1,1,Drugs,4,1
14700,3,3,Mental Health,8,1
14700,12,12,Ex-Offender,13,1
14704,3,3,Mental Health,8,1
14704,9,9,Physical Health,11,1
14706,3,3,Mental Health,8,1
14706,8,8,Learning Difficulties,7,1
14708,1,1,Drugs,4,1
14708,3,3,Mental Health,8,1
14709,9,9,Physical Health,11,1
14711,12,12,Ex-Offender,13,1
14727,3,3,Mental Health,8,1
14732,4,4,Money Management,9,1
14748,1,1,Drugs,4,1
14748,12,12,Ex-Offender,13,1
14755,3,3,Mental Health,8,1
14755,15,15,Street Homeless,15,1
14757,4,4,Money Management,9,1
14758,1,1,Drugs,4,1
14763,3,3,Mental Health,8,1
14764,11,11,Estranged,10,1
14765,2,2,Alcohol,1,1
14784,1,1,Drugs,4,1
14791,1,1,Drugs,4,1
14793,1,1,Drugs,4,1
14795,9,9,Physical Health,11,1
14806,1,1,Drugs,4,1
14811,9,9,Physical Health,11,1
14821,12,12,Ex-Offender,13,1
14822,13,13,Asylum Seeker,2,1
14823,1,1,Drugs,4,1
14824,8,8,Learning Difficulties,7,1
14825,13,13,Asylum Seeker,2,1
14828,13,13,Asylum Seeker,2,1
14835,13,13,Asylum Seeker,2,1
14840,3,3,Mental Health,8,1
14841,13,13,Asylum Seeker,2,1
14855,1,1,Drugs,4,1
14865,2,2,Alcohol,1,1
14876,3,3,Mental Health,8,1
14878,1,1,Drugs,4,1
14878,2,2,Alcohol,1,1
14878,3,3,Mental Health,8,1
14881,16,16,Refugee,16,1
14883,12,12,Ex-Offender,13,1
14883,18,18,DW(Cath) supporting/supported,18,1
14884,3,3,Mental Health,8,1
14887,3,3,Mental Health,8,1
14895,8,8,Learning Difficulties,7,1
14896,3,3,Mental Health,8,1
14907,9,9,Physical Health,11,1
14917,11,11,Estranged,10,1
14920,3,3,Mental Health,8,1
14920,9,9,Physical Health,11,1
14923,9,9,Physical Health,11,1
14927,1,1,Drugs,4,1
14927,2,2,Alcohol,1,1
14928,1,1,Drugs,4,1
14928,12,12,Ex-Offender,13,1
14930,1,1,Drugs,4,1
14930,2,2,Alcohol,1,1
14930,12,12,Ex-Offender,13,1
14932,2,2,Alcohol,1,1
14932,3,3,Mental Health,8,1
14934,1,1,Drugs,4,1
14934,2,2,Alcohol,1,1
14934,3,3,Mental Health,8,1
14935,3,3,Mental Health,8,1
14935,18,18,DW(Cath) supporting/supported,18,1
14942,13,13,Asylum Seeker,2,1
14981,1,1,Drugs,4,1
14981,3,3,Mental Health,8,1
14981,12,12,Ex-Offender,13,1
14987,13,13,Asylum Seeker,2,1
14988,12,12,Ex-Offender,13,1
15005,9,9,Physical Health,11,1
15008,13,13,Asylum Seeker,2,1
15011,1,1,Drugs,4,1
15033,1,1,Drugs,4,1
15047,9,9,Physical Health,11,1
15048,3,3,Mental Health,8,1
15050,12,12,Ex-Offender,13,1
15054,7,7,Gambling,5,1
15058,3,3,Mental Health,8,1
15058,9,9,Physical Health,11,1
15059,1,1,Drugs,4,1
15059,2,2,Alcohol,1,1
15065,3,3,Mental Health,8,1
15067,18,18,DW(Cath) supporting/supported,18,1
15071,3,3,Mental Health,8,1
15091,7,7,Gambling,5,1
15093,13,13,Asylum Seeker,2,1
15097,13,13,Asylum Seeker,2,1
15120,13,13,Asylum Seeker,2,1
15139,3,3,Mental Health,8,1
15141,3,3,Mental Health,8,1
15142,3,3,Mental Health,8,1
15143,2,2,Alcohol,1,1
15143,3,3,Mental Health,8,1
15143,8,8,Learning Difficulties,7,1
15143,12,12,Ex-Offender,13,1
15145,8,8,Learning Difficulties,7,1
15147,1,1,Drugs,4,1
15147,2,2,Alcohol,1,1
15147,3,3,Mental Health,8,1
15148,7,7,Gambling,5,1
15159,13,13,Asylum Seeker,2,1
15160,3,3,Mental Health,8,1
15160,9,9,Physical Health,11,1
15179,9,9,Physical Health,11,1
15198,13,13,Asylum Seeker,2,1
15199,3,3,Mental Health,8,1
15206,2,2,Alcohol,1,1
15206,3,3,Mental Health,8,1
15214,9,9,Physical Health,11,1
15219,12,12,Ex-Offender,13,1
15219,18,18,DW(Cath) supporting/supported,18,1
15220,3,3,Mental Health,8,1
15220,9,9,Physical Health,11,1
15221,2,2,Alcohol,1,1
15221,3,3,Mental Health,8,1
15221,9,9,Physical Health,11,1
15222,3,3,Mental Health,8,1
15241,3,3,Mental Health,8,1
15241,18,18,DW(Cath) supporting/supported,18,1
15244,1,1,Drugs,4,1
15244,15,15,Street Homeless,15,1
15246,3,3,Mental Health,8,1
15247,13,13,Asylum Seeker,2,1
15247,18,18,DW(Cath) supporting/supported,18,1
15255,3,3,Mental Health,8,1
15255,12,12,Ex-Offender,13,1
15256,3,3,Mental Health,8,1
15257,1,1,Drugs,4,1
15257,2,2,Alcohol,1,1
15257,3,3,Mental Health,8,1
15257,9,9,Physical Health,11,1
15258,1,1,Drugs,4,1
15258,12,12,Ex-Offender,13,1
15260,15,15,Street Homeless,15,1
15263,3,3,Mental Health,8,1
15264,13,13,Asylum Seeker,2,1
15272,12,12,Ex-Offender,13,1
15279,13,13,Asylum Seeker,2,1
15285,3,3,Mental Health,8,1
15289,13,13,Asylum Seeker,2,1
15293,9,9,Physical Health,11,1
15311,3,3,Mental Health,8,1
15311,9,9,Physical Health,11,1
15326,3,3,Mental Health,8,1
15340,3,3,Mental Health,8,1
15344,3,3,Mental Health,8,1
15347,3,3,Mental Health,8,1
15363,17,17,meltham food service delivery,17,1
15378,3,3,Mental Health,8,1
15386,9,9,Physical Health,11,1
15387,9,9,Physical Health,11,1
15391,3,3,Mental Health,8,1
15391,8,8,Learning Difficulties,7,1
15392,8,8,Learning Difficulties,7,1
15393,3,3,Mental Health,8,1
15396,18,18,DW(Cath) supporting/supported,18,1
15403,12,12,Ex-Offender,13,1
15416,3,3,Mental Health,8,1
15444,1,1,Drugs,4,1
15449,3,3,Mental Health,8,1
15449,9,9,Physical Health,11,1
15474,3,3,Mental Health,8,1
15474,9,9,Physical Health,11,1
15475,3,3,Mental Health,8,1
15478,13,13,Asylum Seeker,2,1
15480,4,4,Money Management,9,1
15485,3,3,Mental Health,8,1
15494,3,3,Mental Health,8,1
15495,1,1,Drugs,4,1
15495,3,3,Mental Health,8,1
15496,1,1,Drugs,4,1
15496,3,3,Mental Health,8,1
15497,3,3,Mental Health,8,1
15505,16,16,Refugee,16,1
15529,13,13,Asylum Seeker,2,1
15559,18,18,DW(Cath) supporting/supported,18,1
15560,3,3,Mental Health,8,1
15561,13,13,Asylum Seeker,2,1
15565,13,13,Asylum Seeker,2,1
15567,3,3,Mental Health,8,1
15570,13,13,Asylum Seeker,2,1
15578,3,3,Mental Health,8,1
15586,8,8,Learning Difficulties,7,1
15588,3,3,Mental Health,8,1
15588,9,9,Physical Health,11,1
15597,13,13,Asylum Seeker,2,1
15603,1,1,Drugs,4,1
15604,2,2,Alcohol,1,1
15604,11,11,Estranged,10,1
15604,12,12,Ex-Offender,13,1
15608,12,12,Ex-Offender,13,1
15616,3,3,Mental Health,8,1
15624,3,3,Mental Health,8,1
15633,16,16,Refugee,16,1
15656,16,16,Refugee,16,1
15658,3,3,Mental Health,8,1
15675,2,2,Alcohol,1,1
15675,7,7,Gambling,5,1
15679,3,3,Mental Health,8,1
15680,4,4,Money Management,9,1
15693,3,3,Mental Health,8,1
15709,3,3,Mental Health,8,1
15717,1,1,Drugs,4,1
15727,12,12,Ex-Offender,13,1
15731,9,9,Physical Health,11,1
15746,9,9,Physical Health,11,1
15750,9,9,Physical Health,11,1
15753,3,3,Mental Health,8,1
15765,1,1,Drugs,4,1
15765,3,3,Mental Health,8,1
15809,2,2,Alcohol,1,1
15813,1,1,Drugs,4,1
15813,2,2,Alcohol,1,1
15813,10,10,Street worker,12,1
15813,12,12,Ex-Offender,13,1
15815,9,9,Physical Health,11,1
15853,3,3,Mental Health,8,1
15853,9,9,Physical Health,11,1
15854,8,8,Learning Difficulties,7,1
15858,1,1,Drugs,4,1
15858,12,12,Ex-Offender,13,1
15858,15,15,Street Homeless,15,1
15861,8,8,Learning Difficulties,7,1
15865,3,3,Mental Health,8,1
15868,1,1,Drugs,4,1
15871,13,13,Asylum Seeker,2,1
15900,7,7,Gambling,5,1
15911,3,3,Mental Health,8,1
15912,2,2,Alcohol,1,1
15929,1,1,Drugs,4,1
15929,12,12,Ex-Offender,13,1
15931,3,3,Mental Health,8,1
15934,3,3,Mental Health,8,1
15934,9,9,Physical Health,11,1
15936,1,1,Drugs,4,1
15936,3,3,Mental Health,8,1
15936,18,18,DW(Cath) supporting/supported,18,1
15939,4,4,Money Management,9,1
15941,3,3,Mental Health,8,1
15948,13,13,Asylum Seeker,2,1
15951,3,3,Mental Health,8,1
15951,11,11,Estranged,10,1
15952,1,1,Drugs,4,1
15952,2,2,Alcohol,1,1
15952,3,3,Mental Health,8,1
15952,9,9,Physical Health,11,1
15954,1,1,Drugs,4,1
15954,2,2,Alcohol,1,1
15954,9,9,Physical Health,11,1
15954,10,10,Street worker,12,1
15957,13,13,Asylum Seeker,2,1
15962,3,3,Mental Health,8,1
15962,18,18,DW(Cath) supporting/supported,18,1
15968,8,8,Learning Difficulties,7,1
15969,12,12,Ex-Offender,13,1
15970,2,2,Alcohol,1,1
15972,1,1,Drugs,4,1
15976,1,1,Drugs,4,1
15976,2,2,Alcohol,1,1
15976,4,4,Money Management,9,1
15976,18,18,DW(Cath) supporting/supported,18,1
15977,15,15,Street Homeless,15,1
15978,1,1,Drugs,4,1
15978,3,3,Mental Health,8,1
15978,12,12,Ex-Offender,13,1
15978,18,18,DW(Cath) supporting/supported,18,1
15981,13,13,Asylum Seeker,2,1
15984,13,13,Asylum Seeker,2,1
16017,2,2,Alcohol,1,1
16033,3,3,Mental Health,8,1
16035,3,3,Mental Health,8,1
16066,3,3,Mental Health,8,1
16066,12,12,Ex-Offender,13,1
16079,1,1,Drugs,4,1
16080,3,3,Mental Health,8,1
16089,3,3,Mental Health,8,1
16109,13,13,Asylum Seeker,2,1
16126,15,15,Street Homeless,15,1
16127,17,17,meltham food service delivery,17,1
16130,3,3,Mental Health,8,1
16130,9,9,Physical Health,11,1
16161,13,13,Asylum Seeker,2,1
16182,1,1,Drugs,4,1
16184,2,2,Alcohol,1,1
16187,3,3,Mental Health,8,1
16188,3,3,Mental Health,8,1
16191,1,1,Drugs,4,1
16199,2,2,Alcohol,1,1
16199,9,9,Physical Health,11,1
16209,8,8,Learning Difficulties,7,1
16210,1,1,Drugs,4,1
16211,3,3,Mental Health,8,1
16222,9,9,Physical Health,11,1
16230,9,9,Physical Health,11,1
16235,3,3,Mental Health,8,1
16237,3,3,Mental Health,8,1
16237,9,9,Physical Health,11,1
16242,3,3,Mental Health,8,1
16246,1,1,Drugs,4,1
16247,1,1,Drugs,4,1
16250,3,3,Mental Health,8,1
16253,9,9,Physical Health,11,1
16254,9,9,Physical Health,11,1
16255,3,3,Mental Health,8,1
16256,8,8,Learning Difficulties,7,1
16256,11,11,Estranged,10,1
16258,3,3,Mental Health,8,1
16258,9,9,Physical Health,11,1
16260,3,3,Mental Health,8,1
16284,4,4,Money Management,9,1
16284,18,18,DW(Cath) supporting/supported,18,1
16286,1,1,Drugs,4,1
16287,3,3,Mental Health,8,1
16288,8,8,Learning Difficulties,7,1
16290,3,3,Mental Health,8,1
16291,3,3,Mental Health,8,1
16307,9,9,Physical Health,11,1
16311,9,9,Physical Health,11,1
16316,8,8,Learning Difficulties,7,1
16328,2,2,Alcohol,1,1
16328,3,3,Mental Health,8,1
16328,8,8,Learning Difficulties,7,1
16328,12,12,Ex-Offender,13,1
16336,3,3,Mental Health,8,1
16336,9,9,Physical Health,11,1
16373,2,2,Alcohol,1,1
16386,3,3,Mental Health,8,1
16386,9,9,Physical Health,11,1
16389,1,1,Drugs,4,1
16389,3,3,Mental Health,8,1
16389,18,18,DW(Cath) supporting/supported,18,1
16394,9,9,Physical Health,11,1
16401,3,3,Mental Health,8,1
16403,16,16,Refugee,16,1
16414,1,1,Drugs,4,1
16414,2,2,Alcohol,1,1
16444,9,9,Physical Health,11,1
16450,3,3,Mental Health,8,1
16462,1,1,Drugs,4,1
16464,1,1,Drugs,4,1
16464,12,12,Ex-Offender,13,1
16469,13,13,Asylum Seeker,2,1
16484,1,1,Drugs,4,1
16484,2,2,Alcohol,1,1
16493,11,11,Estranged,10,1
16500,3,3,Mental Health,8,1
16502,3,3,Mental Health,8,1
16504,3,3,Mental Health,8,1
16506,9,9,Physical Health,11,1
16518,3,3,Mental Health,8,1
16557,3,3,Mental Health,8,1
16557,9,9,Physical Health,11,1
16557,18,18,DW(Cath) supporting/supported,18,1
16573,9,9,Physical Health,11,1
16578,8,8,Learning Difficulties,7,1
16598,3,3,Mental Health,8,1
16599,12,12,Ex-Offender,13,1
16599,15,15,Street Homeless,15,1
16605,3,3,Mental Health,8,1
16605,12,12,Ex-Offender,13,1
16608,3,3,Mental Health,8,1
16608,12,12,Ex-Offender,13,1
16613,3,3,Mental Health,8,1
16614,3,3,Mental Health,8,1
16615,2,2,Alcohol,1,1
16615,12,12,Ex-Offender,13,1
16622,1,1,Drugs,4,1
16622,2,2,Alcohol,1,1
16648,1,1,Drugs,4,1
16653,9,9,Physical Health,11,1
16654,3,3,Mental Health,8,1
16656,3,3,Mental Health,8,1
16656,9,9,Physical Health,11,1
16658,3,3,Mental Health,8,1
16663,9,9,Physical Health,11,1
16663,18,18,DW(Cath) supporting/supported,18,1
16668,2,2,Alcohol,1,1
16702,3,3,Mental Health,8,1
16708,8,8,Learning Difficulties,7,1
16724,8,8,Learning Difficulties,7,1
16727,3,3,Mental Health,8,1
16727,12,12,Ex-Offender,13,1
16732,9,9,Physical Health,11,1
16732,18,18,DW(Cath) supporting/supported,18,1
16741,15,15,Street Homeless,15,1
16742,3,3,Mental Health,8,1
16742,9,9,Physical Health,11,1
16743,9,9,Physical Health,11,1
16745,9,9,Physical Health,11,1
16751,9,9,Physical Health,11,1
16761,2,2,Alcohol,1,1
16772,3,3,Mental Health,8,1
16772,8,8,Learning Difficulties,7,1
16774,9,9,Physical Health,11,1
16776,1,1,Drugs,4,1
16777,3,3,Mental Health,8,1
16781,1,1,Drugs,4,1
16836,9,9,Physical Health,11,1
16840,1,1,Drugs,4,1
16864,1,1,Drugs,4,1
16867,1,1,Drugs,4,1
16867,2,2,Alcohol,1,1
16867,3,3,Mental Health,8,1
16867,12,12,Ex-Offender,13,1
16868,3,3,Mental Health,8,1
16869,1,1,Drugs,4,1
16870,16,16,Refugee,16,1
16871,9,9,Physical Health,11,1
16872,1,1,Drugs,4,1
16872,2,2,Alcohol,1,1
16872,3,3,Mental Health,8,1
16879,13,13,Asylum Seeker,2,1
16890,3,3,Mental Health,8,1
16895,2,2,Alcohol,1,1
16895,13,13,Asylum Seeker,2,1
16903,1,1,Drugs,4,1
16903,2,2,Alcohol,1,1
16903,3,3,Mental Health,8,1
16903,4,4,Money Management,9,1
16907,9,9,Physical Health,11,1
16932,11,11,Estranged,10,1
16934,9,9,Physical Health,11,1
16950,1,1,Drugs,4,1
16952,3,3,Mental Health,8,1
16991,1,1,Drugs,4,1
17003,3,3,Mental Health,8,1
17003,8,8,Learning Difficulties,7,1
17012,9,9,Physical Health,11,1
17012,12,12,Ex-Offender,13,1
17013,9,9,Physical Health,11,1
17014,12,12,Ex-Offender,13,1
17017,16,16,Refugee,16,1
17020,13,13,Asylum Seeker,2,1
17028,4,4,Money Management,9,1
17028,18,18,DW(Cath) supporting/supported,18,1
17029,13,13,Asylum Seeker,2,1
17030,3,3,Mental Health,8,1
17030,9,9,Physical Health,11,1
17040,3,3,Mental Health,8,1
17043,3,3,Mental Health,8,1
17043,11,11,Estranged,10,1
17055,1,1,Drugs,4,1
17055,2,2,Alcohol,1,1
17055,10,10,Street worker,12,1
17055,12,12,Ex-Offender,13,1
17066,1,1,Drugs,4,1
17066,3,3,Mental Health,8,1
17069,18,18,DW(Cath) supporting/supported,18,1
17071,2,2,Alcohol,1,1
17071,12,12,Ex-Offender,13,1
17073,3,3,Mental Health,8,1
17077,9,9,Physical Health,11,1
17081,9,9,Physical Health,11,1
17092,2,2,Alcohol,1,1
17100,2,2,Alcohol,1,1
17143,3,3,Mental Health,8,1
17143,8,8,Learning Difficulties,7,1
17146,9,9,Physical Health,11,1
17149,2,2,Alcohol,1,1
17149,9,9,Physical Health,11,1
17151,1,1,Drugs,4,1
17151,3,3,Mental Health,8,1
17151,12,12,Ex-Offender,13,1
17161,13,13,Asylum Seeker,2,1
17163,3,3,Mental Health,8,1
17164,16,16,Refugee,16,1
17167,3,3,Mental Health,8,1
17168,3,3,Mental Health,8,1
17169,1,1,Drugs,4,1
17169,3,3,Mental Health,8,1
17169,9,9,Physical Health,11,1
17171,1,1,Drugs,4,1
17174,2,2,Alcohol,1,1
17174,9,9,Physical Health,11,1
17174,12,12,Ex-Offender,13,1
17175,1,1,Drugs,4,1
17191,3,3,Mental Health,8,1
17211,1,1,Drugs,4,1
17212,3,3,Mental Health,8,1
17214,3,3,Mental Health,8,1
17220,3,3,Mental Health,8,1
17225,3,3,Mental Health,8,1
17225,9,9,Physical Health,11,1
17231,1,1,Drugs,4,1
17231,3,3,Mental Health,8,1
17232,3,3,Mental Health,8,1
17232,12,12,Ex-Offender,13,1
17233,12,12,Ex-Offender,13,1
17306,2,2,Alcohol,1,1
17308,3,3,Mental Health,8,1
17312,3,3,Mental Health,8,1
17312,8,8,Learning Difficulties,7,1
17312,18,18,DW(Cath) supporting/supported,18,1
17314,16,16,Refugee,16,1
17315,13,13,Asylum Seeker,2,1
17326,2,2,Alcohol,1,1
17330,3,3,Mental Health,8,1
17334,12,12,Ex-Offender,13,1
17334,18,18,DW(Cath) supporting/supported,18,1
17337,3,3,Mental Health,8,1
17337,12,12,Ex-Offender,13,1
17360,3,3,Mental Health,8,1
17362,1,1,Drugs,4,1
17364,1,1,Drugs,4,1
17364,3,3,Mental Health,8,1
17364,9,9,Physical Health,11,1
17366,3,3,Mental Health,8,1
17368,1,1,Drugs,4,1
17368,3,3,Mental Health,8,1
17368,18,18,DW(Cath) supporting/supported,18,1
17372,1,1,Drugs,4,1
17372,2,2,Alcohol,1,1
17372,9,9,Physical Health,11,1
17374,3,3,Mental Health,8,1
17374,9,9,Physical Health,11,1
17384,3,3,Mental Health,8,1
17384,8,8,Learning Difficulties,7,1
17396,3,3,Mental Health,8,1
17408,15,15,Street Homeless,15,1
17410,2,2,Alcohol,1,1
17410,3,3,Mental Health,8,1
17412,8,8,Learning Difficulties,7,1
17412,12,12,Ex-Offender,13,1
17417,1,1,Drugs,4,1
17417,3,3,Mental Health,8,1
17417,9,9,Physical Health,11,1
17419,3,3,Mental Health,8,1
17422,3,3,Mental Health,8,1
17426,9,9,Physical Health,11,1
17433,1,1,Drugs,4,1
17434,3,3,Mental Health,8,1
17435,3,3,Mental Health,8,1
17435,8,8,Learning Difficulties,7,1
17436,3,3,Mental Health,8,1
17436,9,9,Physical Health,11,1
17442,18,18,DW(Cath) supporting/supported,18,1
17446,16,16,Refugee,16,1
17454,13,13,Asylum Seeker,2,1
17455,2,2,Alcohol,1,1
17455,3,3,Mental Health,8,1
17476,2,2,Alcohol,1,1
17480,1,1,Drugs,4,1
17480,3,3,Mental Health,8,1
17480,12,12,Ex-Offender,13,1
17483,3,3,Mental Health,8,1
17485,9,9,Physical Health,11,1
17486,1,1,Drugs,4,1
17494,3,3,Mental Health,8,1
17496,3,3,Mental Health,8,1
17497,2,2,Alcohol,1,1
17497,3,3,Mental Health,8,1
17498,3,3,Mental Health,8,1
17498,9,9,Physical Health,11,1
17510,16,16,Refugee,16,1
17512,3,3,Mental Health,8,1
17533,2,2,Alcohol,1,1
17533,12,12,Ex-Offender,13,1
17535,9,9,Physical Health,11,1
17542,3,3,Mental Health,8,1
17542,9,9,Physical Health,11,1
17543,3,3,Mental Health,8,1
17545,3,3,Mental Health,8,1
17545,9,9,Physical Health,11,1
17546,3,3,Mental Health,8,1
17547,1,1,Drugs,4,1
17547,12,12,Ex-Offender,13,1
17547,18,18,DW(Cath) supporting/supported,18,1
17549,3,3,Mental Health,8,1
17550,9,9,Physical Health,11,1
17563,1,1,Drugs,4,1
17563,2,2,Alcohol,1,1
17565,3,3,Mental Health,8,1
17581,4,4,Money Management,9,1
17581,18,18,DW(Cath) supporting/supported,18,1
17583,3,3,Mental Health,8,1
17586,3,3,Mental Health,8,1
17586,9,9,Physical Health,11,1
17587,1,1,Drugs,4,1
17587,3,3,Mental Health,8,1
17590,9,9,Physical Health,11,1
17594,3,3,Mental Health,8,1
17594,9,9,Physical Health,11,1
17595,9,9,Physical Health,11,1
17597,2,2,Alcohol,1,1
17597,3,3,Mental Health,8,1
17597,9,9,Physical Health,11,1
17605,1,1,Drugs,4,1
17605,3,3,Mental Health,8,1
17639,15,15,Street Homeless,15,1
17646,1,1,Drugs,4,1
17650,1,1,Drugs,4,1
17659,9,9,Physical Health,11,1
17663,9,9,Physical Health,11,1
17670,3,3,Mental Health,8,1
17674,2,2,Alcohol,1,1
17680,1,1,Drugs,4,1
17682,1,1,Drugs,4,1
17682,3,3,Mental Health,8,1
17682,4,4,Money Management,9,1
17694,9,9,Physical Health,11,1
17701,3,3,Mental Health,8,1
17706,3,3,Mental Health,8,1
17709,3,3,Mental Health,8,1
17710,1,1,Drugs,4,1
17710,3,3,Mental Health,8,1
17710,12,12,Ex-Offender,13,1
17711,3,3,Mental Health,8,1
17711,9,9,Physical Health,11,1
17713,8,8,Learning Difficulties,7,1
17713,12,12,Ex-Offender,13,1
17719,8,8,Learning Difficulties,7,1
17734,2,2,Alcohol,1,1
17735,9,9,Physical Health,11,1
17737,3,3,Mental Health,8,1
17737,12,12,Ex-Offender,13,1
17755,3,3,Mental Health,8,1
17773,3,3,Mental Health,8,1
17773,12,12,Ex-Offender,13,1
17774,1,1,Drugs,4,1
17774,12,12,Ex-Offender,13,1
17775,2,2,Alcohol,1,1
17775,3,3,Mental Health,8,1
17778,3,3,Mental Health,8,1
17778,9,9,Physical Health,11,1
17780,3,3,Mental Health,8,1
17780,9,9,Physical Health,11,1
17807,3,3,Mental Health,8,1
17807,12,12,Ex-Offender,13,1
17810,1,1,Drugs,4,1
17810,3,3,Mental Health,8,1
17811,3,3,Mental Health,8,1
17814,1,1,Drugs,4,1
17814,15,15,Street Homeless,15,1
17817,1,1,Drugs,4,1
17817,3,3,Mental Health,8,1
17820,1,1,Drugs,4,1
17822,1,1,Drugs,4,1
17822,3,3,Mental Health,8,1
17822,12,12,Ex-Offender,13,1
17827,2,2,Alcohol,1,1
17832,2,2,Alcohol,1,1
17857,12,12,Ex-Offender,13,1
17876,3,3,Mental Health,8,1
17878,9,9,Physical Health,11,1
17881,3,3,Mental Health,8,1
17881,9,9,Physical Health,11,1
17884,1,1,Drugs,4,1
17884,3,3,Mental Health,8,1
17884,15,15,Street Homeless,15,1
17894,11,11,Estranged,10,1
17898,3,3,Mental Health,8,1
17898,4,4,Money Management,9,1
17898,9,9,Physical Health,11,1
17898,18,18,DW(Cath) supporting/supported,18,1
17905,3,3,Mental Health,8,1
17905,12,12,Ex-Offender,13,1
17905,18,18,DW(Cath) supporting/supported,18,1
17907,16,16,Refugee,16,1
17908,3,3,Mental Health,8,1
17915,9,9,Physical Health,11,1
17927,3,3,Mental Health,8,1
17933,12,12,Ex-Offender,13,1
17933,15,15,Street Homeless,15,1
17935,3,3,Mental Health,8,1
17937,2,2,Alcohol,1,1
17939,3,3,Mental Health,8,1
17940,2,2,Alcohol,1,1
17940,8,8,Learning Difficulties,7,1
17942,3,3,Mental Health,8,1
17943,2,2,Alcohol,1,1
17943,3,3,Mental Health,8,1
17945,3,3,Mental Health,8,1
17945,12,12,Ex-Offender,13,1
17949,9,9,Physical Health,11,1
17950,9,9,Physical Health,11,1
17950,18,18,DW(Cath) supporting/supported,18,1
17951,13,13,Asylum Seeker,2,1
17952,1,1,Drugs,4,1
17952,18,18,DW(Cath) supporting/supported,18,1
